id,name,res_id,lang,type,src,value,module,state,comments,lp_key,lp_isusedbyexternalapps
2233964,other,,ar_001,,Sign In,تسجيل الدخول,,translated,,ar_001_landing_sign_in_button,t
2233965,other,,ar_001,,Channel Member Hiring,تسجيل وكيل جديد,,translated,,ar_001_landing_channel_member_hiring_button,t
2233966,other,,ar_001,,User Name,اسم المستخدم,,translated,,ar_001_login_user_name_text_field,t
2233967,other,,ar_001,,Forgot Password ?,هل نسيت كلمة المرور ؟,,translated,,ar_001_login_forget_password_button,t
2233968,other,,ar_001,,Sign In,تسجيل الدخول,,translated,,ar_001_login_sign_in_button,t
2233969,other,,ar_001,,Channel Member Hiring,تسجيل وكيل جديد,,translated,,ar_001_channel_member_hiring_title,t
2233970,other,,ar_001,,Forgot Password ?,هل نسيت كلمة المرور ؟,,translated,,ar_001_forget_password_title,t
2233971,other,,ar_001,,Enter your User Name,أدخل اسم المستخدم الخاص بك,,translated,,ar_001_forget_password_user_name_label,t
2233972,other,,ar_001,,User Name,اسم المستخدم,,translated,,ar_001_forget_password_user_name_text_field,t
2233973,other,,ar_001,,Submit,استمرار,,translated,,ar_001_forget_password_submit_button,t
2233974,other,,ar_001,,Enter verification code,أدخل رمز التحقق,,translated,,ar_001_otp_title,t
2233975,other,,ar_001,,We sent you a verification code via SMS,لقد أرسلنا لك رمز التحقق عبر الرسائل القصيرة,,translated,,ar_001_otp_message_label,t
2233976,other,,ar_001,,We sent you a verification code via SMS,ألم تستلمها؟,,translated,,ar_001_otp_didnt_recieve_it_label,t
2233977,other,,ar_001,,Click here,انقر هنا,,translated,,ar_001_otp_click_here_button,t
2233978,other,,ar_001,,Create a new password,أنشئ كلمة مرور جديدة,,translated,,ar_001_create_new_password_title,t
2233979,other,,ar_001,,Password,كلمة المرور,,translated,,ar_001_create_new_password_password_text_field,t
2233980,other,,ar_001,,Confirm password,تأكيد كلمة المرور,,translated,,ar_001_create_new_password_confirm_password_text_field,t
2233981,other,,ar_001,,Reset Password,إعادة تعيين كلمة المرور,,translated,,ar_001_create_new_password_reset_password_button,t
2233982,other,,ar_001,,Your Password Has Been Reset Successfully,تم إعادة تعيين كلمة المرور الخاصة بك بنجاح,,translated,,ar_001_create_new_password_reset_successfully,t
2233983,other,,ar_001,,Ordering,طلب جديد,,translated,,ar_001_home_ordering_label,t
2233984,other,,ar_001,,Bill Payment,دفع الفواتير,,translated,,ar_001_home_bill_payment_label,t
2233985,other,,ar_001,,Commission Reports,تقارير العمولة,,translated,,ar_001_home_commission_report_label,t
2233986,other,,ar_001,,Manage Subscription,إدارة الاشتراك,,translated,,ar_001_home_manage_subscription_label,t
2233987,other,,ar_001,,Achievement To Next Badge,الإنجاز إلى الوسام التالي,,translated,,ar_001_home_achievement_to_next_badge_label,t
2233988,other,,ar_001,,Achieved Orders,الطلبات المحققة,,translated,,ar_001_home_achieved_orders_label,t
2233989,other,,ar_001,,Achieved Commission,العمولة المحققة,,translated,,ar_001_home_achieved_commission_label,t
2233990,other,,ar_001,,Submit,ارسال,,translated,,ar_001_registration_submit_button,t
2233991,other,,ar_001,,"Your password has been reset
 successfully","تم إعادة تعيين كلمة المرور الخاصة بك
 بنجاح",,translated,,ar_001_alert_reset_successfully_title_label,t
2233992,other,,ar_001,,Addons Added,تمت اضافة الخدمة الاضافية,,translated,,ar_001_alert_addons_added_title_label,t
2233993,other,,ar_001,,Addons Added Successfully,تمت اضافة الخدمة الاضافية بنجاح,,translated,,ar_001_alert_addons_added_successfully_title_label,t
2233994,other,,ar_001,,Done,تمت العملية بنجاح,,translated,,ar_001_alert_done_button,t
2233995,other,,ar_001,,Are You Sure ِAdd Addons,هل أنت متأكد من إضافة الخدمة الاضافية,,translated,,ar_001_alert_are_you_sure_body_label,t
2233996,other,,ar_001,,Yes,نعم,,translated,,ar_001_alert_yes_button,t
2233997,other,,ar_001,,Thank You,شكرا لك,,translated,,ar_001_alert_thank_you_title_label,t
2233998,other,,ar_001,,"You Have Successfully Complete
 Your Payment",لقد أكملت عملية الدفع بنجاح,,translated,,ar_001_alert_successfully_payment_body_label,t
2234048,other,,ar_001,,Last Name *,* الاسم الاخير,,translated,,ar_001_customer_details_last_name_text_field,t
2234049,other,,ar_001,,Gender *,* الجنس,,translated,,ar_001_customer_details_gender_picker,t
2234050,other,,ar_001,,Nationality *,* الجنسية,,translated,,ar_001_customer_details_text_field,t
2234051,other,,ar_001,,Date Of Birth *,* تاريخ الميلاد,,translated,,ar_001_customer_details_date_of_birth_picker,t
2234052,other,,ar_001,,Email Address *,* البريد الالكتروني,,translated,,ar_001_customer_details_email_address_text_field,t
2234053,other,,ar_001,,Mobile Number *,رقم الجوال,,translated,,ar_001_customer_details_mobile_number_text_field,t
2234054,other,,ar_001,,Verify Number,تأكيد رقم الجوال,,translated,,ar_001_customer_details_verify_number_button,t
2234055,other,,ar_001,,Alternative Mobile Number *,* رقم الهاتف المحمول البديل,,translated,,ar_001_customer_details_alternative_mobile_number_text_field,t
2234056,other,,ar_001,,Upload ID Document *,* تحميل وثيقة الهوية,,translated,,ar_001_customer_details_upload_id_document_label,t
2234057,other,,ar_001,,Front Side,الجانب الامامي,,translated,,ar_001_customer_details_front_side_label,t
2234058,other,,ar_001,,Back Side,الجانب الخلفي,,translated,,ar_001_customer_details_back_side_label,t
2234059,other,,ar_001,,Privacy Policy,سياسة الخصوصية,,translated,,ar_001_customer_details_privacy_policy_label,t
2234060,other,,ar_001,,Next,التالي,,translated,,ar_001_customer_details_next_button,t
2234061,other,,ar_001,,Select Plan,اختيار الباقة,,translated,,ar_001_select_plan_title_label,t
2234062,other,,ar_001,,"Select The Fibrenet Home Plan
 You Want To Install", حدد موقعك. إذا لم تكن الخدمة متوفرة، أضِف دبوسًا للطلب المسبق,,translated,,ar_001_select_plan_select_fibrenet_home_plane,t
2234063,other,,ar_001,,Service order location,موقع طلب الخدمة,,translated,,ar_001_map_service_order_location_label,t
2234064,other,,ar_001,,"Select your location. if service
 is not available, drop a pin to
 pre-order",اختر موقعك. إذا لم تكن الخدمة متاحة، قم بوضع دبوس للطلب المسبق,,translated,,ar_001_map_select_your_location_label,t
2234065,other,,ar_001,,Search For Location,البحث عن الموقع,,translated,,ar_001_map_search_for_loacation_text_field,t
2234066,other,,ar_001,,Full Address,العنوان الكامل,,translated,,ar_001_full_address_title_label,t
2234067,other,,ar_001,,Please Type The Exact Address,الرجاء كتابة العنوان,,translated,,ar_001_full_address_please_type_the_exact_address_label,t
2234068,other,,ar_001,,Governorate *,المحافظة*,,translated,,ar_001_full_address_governorate_picker,t
2234069,other,,ar_001,,Wilayat *,الولاية*,,translated,,ar_001_full_address_wilayat_picker,t
2234070,other,,ar_001,,Area *,المنطقة*,,translated,,ar_001_full_address_area_text_field,t
2234071,other,,ar_001,,Street Name/Way Number,اسم الشارع / رقم الطريق,,translated,,ar_001_full_address_street_name_way_number_text_field,t
2234072,other,,ar_001,,House Number,رقم المنزل,,translated,,ar_001_full_address_house_number_text_field,t
2234073,other,,ar_001,,P.O.Box,الرمز بريدي,,translated,,ar_001_full_address_box_text_field,t
2234074,other,,ar_001,,Postal Code,الصندوق البريدي,,translated,,ar_001_full_address_postal_code_text_field,t
2234075,other,,ar_001,,Next,التالي,,translated,,ar_001_full_address_next_button,t
2234076,other,,ar_001,,Summary,الملخص,,translated,,ar_001_summary_title_label,t
2234077,other,,ar_001,,Service Plan,الباقة المقدمة,,translated,,ar_001_summary_service_plan_label,t
2234078,other,,ar_001,,"Monthly Subscription
 Total", مجموع الاشتراك الشهري,,translated,,ar_001_summary_monthly_subscription_total_label,t
2234079,other,,ar_001,,Fibrenet Basic:,فايبر الاساسي,,translated,,ar_001_summary_fibrenet_basic_label,t
2234080,other,,ar_001,,VAT,ضريبة القيمة المضافة,,translated,,ar_001_summary_vat_label,t
2234081,other,,ar_001,,Add-ons,الخدمات الإضافية,,translated,,ar_001_summary_add_ons_label,t
2234082,other,,ar_001,,JAWWY TV DEVICE,جهاز جاوي تي في,,translated,,ar_001_summary_jawwy_tv_device_label,t
2234083,other,,ar_001,,One Time Charges,الرسوم لمرة واحدة,,translated,,ar_001_summary_one_time_charges_label,t
2234084,other,,ar_001,,Delivery,التوصيل,,translated,,ar_001_summary_delivery_label,t
2234085,other,,ar_001,,Installation Charges (NRC),رسوم التركيب (NRC),,translated,,ar_001_summary_installation_charges_labbel,t
2234086,other,,ar_001,,Place Order,أضف طلب,,translated,,ar_001_summary_place_order_button,t
2234087,other,,ar_001,,Your order number,رقم طلبك,,translated,,ar_001_alert_order_placed_title_number,t
2234088,other,,ar_001,,Thank You For Ordering From Awasr,شكرًا لك على الطلب من أواصر,,translated,,ar_001_alert_thank_you_for_ordering_from_awasr_body_label,t
2234089,other,,ar_001,,Your Order Number,رقم طلبك,,translated,,ar_001_alert_your_order_number_body_label,t
2234090,other,,ar_001,,Order Placed,تم تقديم الطلب,,translated,,ar_001_alert_order_placed_title_label,t
2234091,other,,ar_001,,"Awasr Fibrenet is available in your location.
 Click below to continue","أواصر فايبرنت متاح في موقعك.
 انقر أدناه للمتابعة",,translated,,ar_001_alert_map_awasr_fibrenet_is_available_title_label,t
2234092,other,,ar_001,,Select,اختر,,translated,,ar_001_alert_map_select_button,t
2234093,other,,ar_001,,"Awasr Fibrenet is unavailable in your location.
 but you can pre-order the service","أواصر فايبرنت غير متاح في موقعك.
 ولكن يمكنك طلب الخدمة مسبقًا",,translated,,ar_001_alert_map_awasr_fibrenet_is_unavailable_title_label,t
2234094,other,,ar_001,,Pre-Order,طلب مسبق,,translated,,ar_001_alert_map_pre_order_button,t
2234095,other,,ar_001,,Pre-Order Location,موقع الطلب المسبق,,translated,,ar_001_map_sheet_pre_order_location_title_label,t
2234096,other,,ar_001,,"Dear Customer,",عزيزي العميل,,translated,,ar_001_map_sheet_dear_customer,t
2234097,other,,ar_001,,"You have selected a pre-order location.
 Pre-ordering means that your request
 for service will be entered into our
 system and your order will take priority
 when your location is available for delivery.","لقد قمت بتحديد موقع الطلب المسبق.
 الطلب المسبق يعني أن طلبك
 للخدمة سيتم إدخالها في موقعنا
 النظام وسيأخذ طلبك الأولوية
 عندما يكون موقعك متاحًا للتسليم.",,translated,,ar_001_map_sheet_you_have_selected_label,t
2234098,other,,ar_001,,Continue,استمرار,,translated,,ar_001_map_sheet_understand_continue,t
2234099,other,,ar_001,,Confirm Service Location,قم بتأكيد موقع الخدمة,,translated,,ar_001_map_sheet_confirm_service_location_title_label,t
2234100,other,,ar_001,,Tag:,تاغ,,translated,,ar_001_map_sheet_tag_label,t
2234101,other,,ar_001,,Governorate:,المحافظة,,translated,,ar_001_map_sheet_governorate_label,t
2234102,other,,ar_001,,Area:,المنطقة,,translated,,ar_001_map_sheet_area_label,t
2234103,other,,ar_001,,Wilayat:,الولاية,,translated,,ar_001_map_sheet_wilayat_label,t
2234104,other,,ar_001,,Confirm,تأكيد,,translated,,ar_001_map_sheet_confirm_button,t
2234105,other,,ar_001,,Privacy Policy,سياسة الخصوصية,,translated,,ar_001_alert_privacy_policy_title_label,t
2234106,other,,ar_001,,Decline,رفض,,translated,,ar_001_alert_privacy_policy_decline_button,t
2234107,other,,ar_001,,Accept,موافقة,,translated,,ar_001_alert_privacy_policy_accept_button,t
2234108,other,,ar_001,,Subscribe,الإشتراك,,translated,,ar_001_select_plan_subscribe_button,t
2234109,other,,ar_001,,Choose Photo,اختر صورة,,translated,,ar_001_alert_choose_photo_title_label,t
2234110,other,,ar_001,,Upload,تحميل,,translated,,ar_001_registration_upload_label,t
2234111,other,,ar_001,,Change,تغيير,,translated,,ar_001_registration_change_button,t
2234112,other,,ar_001,,Upload New Photo,تحميل صورة جديدة,,translated,,ar_001_registration_upload_new_photo_label,t
2234113,other,,ar_001,,OK,حسنًا,,translated,,ar_001_alert_ok_title_button,t
2234114,other,,ar_001,,Choose,اختر,,translated,,ar_001_registration_choose_button,t
2234115,other,,ar_001,,Total Price With Vat,السعر الإجمالي بما في ذلك القيمة المضافة,,translated,,ar_001_select_addons_total_price_label,t
2234116,other,,ar_001,,Remove,إزالة,,translated,,ar_001_select_addons_remove_button,t
2234117,other,,ar_001,,This will be contract signature.,سيكون هذا توقيع العقد.,,translated,,ar_001_signature_title_label_description,t
2234118,other,,ar_001,,Terms And Conditions,الأحكام والشروط,,translated,,ar_001_signature_terms_and_conditions,t
2234119,other,,ar_001,,Next,التالي,,translated,,ar_001_signature_next_button,t
2234120,other,,ar_001,,Password Does Not Match,كلمة السر غير متطابقة,,translated,,ar_001_alert_passwrod_does_not_match,t
2234121,other,,ar_001,,Please enter all required fields,الرجاء إدخال جميع الحقول المطلوبة,,translated,,ar_001_alert_please_enter_all_required_fields,t
2234122,other,,ar_001,,Please Add a Signature,الرجاء إضافة توقيع,,translated,,ar_001_alert_please_add_a_signature,t
2234123,other,,ar_001,,Please attach required files,يرجى إرفاق الملفات المطلوبة,,translated,,ar_001_alert_please_attach_required_files,t
2234124,other,,ar_001,,Please accept privacy policy,الرجاء قبول سياسة الخصوصية,,translated,,ar_001_alert_please_accept_privacy_policy,t
2234125,other,,ar_001,,Please Accept Terms And Conditions,الرجاء قبول الشروط والأحكام,,translated,,ar_001_alert_please_accept_terms_and_conditions,t
2234126,other,,ar_001,,No Signature Found,لم يتم العثور على توقيع,,translated,,ar_001_registration_no_signature_found_text_field,t
2234127,other,,ar_001,,Signature,التوقيع,,translated,,ar_001_registration_title_label,t
2234128,other,,ar_001,,Save,حفظ,,translated,,ar_001_registration_save_button,t
2234129,other,,ar_001,,Upload Documents,تحميل المستندات,,translated,,ar_001_registration_upload_documents_label,t
2234130,other,,ar_001,,No Documents Found,لم يتم العثور على مستندات,,translated,,ar_001_registration_no_documents_found_text_field,t
2234131,other,,ar_001,,Profile Picture,الصوره الشخصيه,,translated,,ar_001_registration_profile_picture_label,t
2234132,other,,ar_001,,Upload Your Photo,تحميل صورتك,,translated,,ar_001_registration_upload_your_photo_text_field,t
2234271,other,,ar_001,,Place your front side of your ID on the frame,ضع الجانب الأمامي من بطاقة هويتك على الإطار,,translated,,ar_001_front_id_label,t
2234272,other,,ar_001,,Place your Back side of your ID on the frame,ضع الجانب الخلفي من بطاقة هويتك على الإطار,,translated,,ar_001_back_id_label,t
2234273,other,,ar_001,,Empty List,قائمة فارغة,,translated,,ar_001_table_empty_list,t
2234274,other,,ar_001,,Filters,الفلاتر,,translated,,ar_001_filters_title,t
2234275,other,,ar_001,,Time,الوقت,,translated,,ar_001_time_title,t
2234276,other,,ar_001,,Delivery Order,أمر توصيل,,translated,,ar_001_delivery_order_title,t
2234277,other,,ar_001,,Please add at least one item in your list,الرجاء إضافة عنصر واحد على الأقل في قائمتك,,translated,,ar_001_add_least_item_label,t
2234278,other,,ar_001,,The minimum quantity for,الحد الأدنى للكمية لـ,,translated,,ar_001_minimum_quantity_label,t
2234279,other,,ar_001,,Is,هو,,translated,,ar_001_is_label,t
2234280,other,,ar_001,,Password not equal confirm password,كلمة المرور غير مطابقة لتأكيد كلمة المرور,,translated,,ar_001_alert_password_not_equal_confirm_label,t
2234281,other,,ar_001,,Alternative phone number is not valid,رقم الهاتف البديل غير صحيح,,translated,,ar_001_alert_phone_not_valid_label,t
2234282,other,,ar_001,,Please update your ID's expiry date,يرجى تحديث تاريخ انتهاء الهوية الخاصة بك,,translated,,ar_001_update_your_Id's_label,t
2234283,other,,ar_001,,Phone is not valid,الهاتف غير صحيح,,translated,,ar_001_phone_not_valid_label,t
2234284,other,,ar_001,,The maximum quantity for,الحد الأقصى للكمية لـ,,translated,,ar_001_maximum_quantity_label,t
2234285,other,,ar_001,,View,عرض,,translated,,ar_001_view_label,t
2234286,other,,ar_001,,HBB Activation,تفعيل HBB,,translated,,ar_001_sheet_activation_button,t
2234287,other,,ar_001,,Prepaid Activation,تفعيل خط مدفوع مسبقا,,translated,,ar_001_prepaid_activation_label,t
2234288,other,,ar_001,,Postpaid Activation,تفعيل خط فاتورة,,translated,,ar_001_postpaid_activation_label,t
2234289,other,,ar_001,,Port in,نقل رقم,,translated,,ar_001_port_in_label,t
2234290,other,,ar_001,,SIM Replacement,استبدال الشريحة,,translated,,ar_001_sim_replacement_label,t
2234133,other,,ar_001,,Please Fill All Required Fields,يرجى تعبئة جميع الحقول المطلوبة,,translated,,ar_001_registration_please_fill_all_required_fields,t
2234134,other,,ar_001,,Please verify your phone number,يرجى التحقق من رقم هاتفك,,translated,,ar_001_alert_please_verify_your_phone_number,t
2234135,other,,ar_001,,Please use another alternate mobile number,الرجاء استخدام رقم هاتف بديل آخر,,translated,,ar_001_alert_please_use_another_alternate_mobile_number,t
2234136,other,,ar_001,,Please enter a valid email address,يرجى إدخال عنوان بريد إلكتروني صالح,,translated,,ar_001_alert_please_enter_a_valid_email_address,t
2234137,other,,ar_001,,Please enter a valid name,رجاء ادخل اسما صحيحا,,translated,,ar_001_alert_please_enter_a_valid_name,t
2234138,other,,ar_001,,Please turn on the GPS,يرجى تشغيل نظام تحديد المواقع,,translated,,ar_001_alert_please_turn_on_the_gps,t
2234139,other,,ar_001,,English,الإنجليزية,,translated,,ar_001_settings_english_picker,t
2234140,other,,ar_001,,Arabic,العربية,,translated,,ar_001_settings_arabic_picker,t
2234141,other,,ar_001,,Biometric Authentication,المصادقة البيومترية,,translated,,ar_001_settings_biometric_authentication,t
2234142,other,,ar_001,,Clear,مسح,,translated,,ar_001_signature_clear_button,t
2234143,other,,ar_001,,Registration,التسجيل,,translated,,ar_001_registration_registratio_title,t
2234144,other,,ar_001,,Mobile No./Account No./Email,رقم الهاتف/رقم الحساب/البريد الالكتروني,,translated,,ar_001_bill_payment_mobile_no_account_no_email_text_field,t
2234145,other,,ar_001,,Change Plan,تغيير الباقة,,translated,,ar_001_customer_subscription_change_plan,t
2234146,other,,ar_001,,Registration Types,أنواع التسجيل,,translated,,ar_001_registration_registration_type_title_page,t
2234147,other,,ar_001,,Change Signature,تغيير التوقيع,,translated,,ar_001_registration_change_signature_button,t
2234148,other,,ar_001,,You Have Successfully Complete Your Payment,لقد أكملت الدفع بنجاح,,translated,,ar_001_you_have_successfully_message,t
2234149,other,,ar_001,,Total Outstanding Amount,إجمالي المبلغ المستحق,,translated,,ar_001_bill_payment_total_outstanding_amount_label,t
2234150,other,,ar_001,,Pay Full Amount,دفع كامل المبلغ,,translated,,ar_001_bill_payment_pay_full_amount_label,t
2234151,other,,ar_001,,Pay Differnt Amount,دفع مبلغ مختلف...,,translated,,ar_001_bill_payment_pay_differnt_amount_label,t
2234152,other,,ar_001,,OMR,ر.ع,,translated,,ar_001_bill_payment_omr_label,t
2234153,other,,ar_001,,Total To Pay,المجموع المستحق الدفع,,translated,,ar_001_bill_payment_checkout_total_to_pay_label,t
2234154,other,,ar_001,,POS Terminal Name,اسم محطة نقطة البيع,,translated,,ar_001_bill_payment_checkout_pos_terminal_name_label,t
2234155,other,,ar_001,,Status,الحالة,,translated,,ar_001_bill_payment_checkout_status_label,t
2234156,other,,ar_001,,Make Visible,اجعله مرئي,,translated,,ar_001_bill_payment_checkout_make_visible_button,t
2234157,other,,ar_001,,Pay Now,ادفع الآن,,translated,,ar_001_bill_payment_checkout_pay_now_button,t
2234158,other,,ar_001,,Search Subscriptions,البحث بالاشتراكات,,translated,,ar_001_manage_subscriptions_search_subscriptions_title_lable,t
2234159,other,,ar_001,,Search,بحث,,translated,,ar_001_manage_subscriptions_search_button,t
2234160,other,,ar_001,,ID Scan,مسح الهوية,,translated,,ar_001_manage_subscriptions_id_scan_button,t
2234161,other,,ar_001,,Customer Subscriptions,اشتراكات العملاء,,translated,,ar_001_manage_subscriptions_title_label,t
2234162,other,,ar_001,,Plan,الباقة,,translated,,ar_001_manage_subscriptions_plan_label,t
2234163,other,,ar_001,,Change Plan,تغيير الباقة,,translated,,ar_001_manage_subscriptions_change_plan_button,t
2234164,other,,ar_001,,Addons,الخدمات الاضافية,,translated,,ar_001_manage_subscriptions_addons_label,t
2234165,other,,ar_001,,Remove,إزالة,,translated,,ar_001_manage_subscriptions_remove_button,t
2234166,other,,ar_001,,Discover Addons,اكتشاف الخدمات الاضافية,,translated,,ar_001_manage_subscriptions_discover_addons_button,t
2234167,other,,ar_001,,Subscribe,اشترك,,translated,,ar_001_manage_subscriptions_subscribe_button,t
2234168,other,,ar_001,,Select Plan,اختر الباقة,,translated,,ar_001_manage_subscriptions_select_paln_title_label,t
2234169,other,,ar_001,,Select The Fibernet Home Plane You Want To Install,حدد خطة الفايبر الرئيسية التي تريد تثبيتها,,translated,,ar_001_manage_subscriptions_select_fibernet_home_plan_label,t
2234170,other,,ar_001,,Select Addons,اختر الخدمات الاضافية,,translated,,ar_001_manage_subscriptions_select_addons_title_label,t
2234171,other,,ar_001,,Choose Addons For Your Fibernet Plan,اختر الإضافات لباقتك من فيبرنت,,translated,,ar_001_manage_subscriptions_choose_addons_for_fibernet_labe,t
2234172,other,,ar_001,,Add,اضافة,,translated,,ar_001_manage_subscriptions_add_button,t
2234173,other,,ar_001,,Next,التالي,,translated,,ar_001_manage_subscriptions_next_button,t
2234174,other,,ar_001,,Save,حفظ,,translated,,ar_001_manage_subscriptions_save_button,t
2234175,other,,ar_001,,Add Addons,إضافة الخدمات الإضافية,,translated,,ar_001_manage_subscriptions_alert_add_addons_tite_label,t
2234176,other,,ar_001,,Are You Sure Add Addons,هل أنت متأكد من الاضافات المختارة ؟,,translated,,ar_001_manage_subscriptions_alert_sure_add_addons_title_label,t
2234177,other,,ar_001,,Yes,نعم,,translated,,ar_001_manage_subscriptions_alert_yes_button,t
2234178,other,,ar_001,,Addons Added,الاضافات المختارة,,translated,,ar_001_manage_subscriptions_addons_added_title_label,t
2234179,other,,ar_001,,Addons Added Successfully,تم اختيار الاضافات بنجاح,,translated,,ar_001_manage_subscriptions_addons_added_successfully_label,t
2234180,other,,ar_001,,Done,تم,,translated,,ar_001_manage_subscriptions_done_button,t
2234181,other,,ar_001,,Total Price,السعر الكلي,,translated,,ar_001_summary_total_price_label,t
2234182,other,,ar_001,,Existing Customer,العميل مسجل,,translated,,ar_001_customer_details_exisiting_customer_label,t
2234183,other,,ar_001,,New Customer,عميل جديد,,translated,,ar_001_customer_details_new_customer_label,t
2234184,other,,ar_001,,OMR,ر.ع,,translated,,ar_001_home_currency_label,t
2234185,other,,ar_001,,Commission Reports,تقارير العمولة,,translated,,ar_001_commission_reports_title_label,t
2234186,other,,ar_001,,All,الكل,,translated,,ar_001_commission_reports_all_label,t
2234187,other,,ar_001,,Ordering,الطلب,,translated,,ar_001_commission_reports_ordering_label,t
2234188,other,,ar_001,,Upgrade,ترقية,,translated,,ar_001_commission_reports_upgrade_label,t
2234189,other,,ar_001,,Bill Payment,دفع الفاتورة,,translated,,ar_001_commission_reports_bill_payment_label,t
2234190,other,,ar_001,,Billing,الفوترة,,translated,,ar_001_commission_reports_billing_label,t
2234191,other,,ar_001,,Total Commission,إجمالي العمولة,,translated,,ar_001_commission_reports_total_commission_label,t
2234192,other,,ar_001,,Pay Out,المدفوع,,translated,,ar_001_commission_reports_pay_out_label,t
2234193,other,,ar_001,,Due Amount,المبلغ المستحق,,translated,,ar_001_commission_reports_due_amount_label,t
2234194,other,,ar_001,,Payout,الدفع,,translated,,ar_001_commission_reports_payout_button,t
2234195,other,,ar_001,,Target Vs Achievement,الهدف / الإنجاز,,translated,,ar_001_commission_reports_target_vs_achievement_button,t
2234196,other,,ar_001,,Order Status,حالة الطلب,,translated,,ar_001_commission_reports_order_status_button,t
2234197,other,,ar_001,,Date,التاريخ,,translated,,ar_001_commission_reports_date_label,t
2234198,other,,ar_001,,Action,الإجراء,,translated,,ar_001_commission_reports_action_label,t
2234199,other,,ar_001,,Plan/ Bill amount,الخطة/مبلغ الفاتورة,,translated,,ar_001_commission_reports_plan_bill_amount_label,t
2234200,other,,ar_001,,Commission (OMR),العمولة(ر.ع),,translated,,ar_001_commission_reports_commission_omr_label,t
2234201,other,,ar_001,,Target,الهدف,,translated,,ar_001_commission_reports_target_label,t
2234202,other,,ar_001,,Achievement,الانجاز,,translated,,ar_001_commission_reports_achievement_label,t
2234203,other,,ar_001,,Received,المستلم,,translated,,ar_001_commission_reports_received_label,t
2234204,other,,ar_001,,Connected,المتصل,,translated,,ar_001_commission_reports_connected_label,t
2234205,other,,ar_001,,Pending,قيد الانتظار,,translated,,ar_001_commission_reports_pending_label,t
2234206,other,,ar_001,,Rejected,مرفوض,,translated,,ar_001_commission_reports_rejected_label,t
2234207,other,,ar_001,,E-Top Up,تعبئة الرصيد بالإنترنت,,translated,,ar_001_home_services_e_top_up_label,t
2234208,other,,ar_001,,E-Voucher,قسيمة إلكترونية,,translated,,ar_001_home_services_e_voucher_label,t
2234209,other,,ar_001,,History,التاريخ,,translated,,ar_001_home_services_history_label,t
2234210,other,,ar_001,,Reports,التقارير,,translated,,ar_001_home_services_report_label,t
2234211,other,,ar_001,,Balance In The Wallet,الرصيد في المحفظة,,translated,,ar_001_home_balance_in_the_wallet_label,t
2234212,other,,ar_001,,Inventory Dashboard,لوحة معلومات المخزون,,translated,,ar_001_home_inventory_dashboard_label,t
2234213,other,,ar_001,,Customer Activities,أنشطة العملاء,,translated,,ar_001_home_customer_activities_label,t
2234214,other,,ar_001,,Sales Activities,أنشطة المبيعات,,translated,,ar_001_home_sales_activities_label,t
2234215,other,,ar_001,,Order Date,تاريخ الطلب,,translated,,ar_001_purchase_orders_order_date_label,t
2234216,other,,ar_001,,Purchase Orders,طلبات الشراء,,translated,,ar_001_sales_activities_purchase_orders_label,t
2234217,other,,ar_001,,Sales Order,طلب المبيعات,,translated,,ar_001_sales_activities_sales_order_label,t
2234218,other,,ar_001,,My Hierarchy,التسلسل الهرمي الخاص بي,,translated,,ar_001_sales_activities_my_hierarchy_label,t
2234219,other,,ar_001,,Visit Management,إدارة الزيارات,,translated,,ar_001_sales_activities_visit_management_label,t
2234220,other,,ar_001,,Stocks Return,ارجاع البضاعة,,translated,,ar_001_sales_activities_stocks_return_label,t
2234221,other,,ar_001,,Search Now,ابحث الآن,,translated,,ar_001_purchase_orders_search_now_label,t
2234222,other,,ar_001,,Place Order,أضف طلب,,translated,,ar_001_purchase_orders_place_order_label,t
2234223,other,,ar_001,,No Connection,لا يوجد اتصال,,translated,,ar_001_no_connection,t
2234224,other,,ar_001,,Please enable Location Services in Settings,يرجى تمكين خدمات الموقع في الإعدادات,,translated,,ar_001_open_location_settings_alert_description,t
2234225,other,,ar_001,,Total Price with VAT,السعر الإجمالي بما في ذلك القيمة المضافة,,translated,,ar_001_plan_total_price_with_vat_label,t
2234226,other,,ar_001,,VAT,ضريبة القيمة المضافة,,translated,,ar_001_plan_vat_label,t
2234227,other,,ar_001,,OF,من,,translated,,ar_001_home_of_label,t
2234228,other,,ar_001,,Total,المجموع,,translated,,ar_001_ordering_total_label,t
2234229,other,,ar_001,,Select your location,حدد موقعك,,translated,,ar_001_manage_subscriptions_select_your_location_label,t
2234230,other,,ar_001,,"If service is not available, drop a pin",إذا لم تكن الخدمة متاحة، قم بوضع دبوس,,translated,,ar_001_manage_subscriptions_service_not_available_label,t
2234231,other,,ar_001,,To pre-order,للطلب المسبق,,translated,,ar_001_manage_subscriptions_pre-order_label,t
2234232,other,,ar_001,,From Date,من تاريخ,,translated,,ar_001_from_date_label,t
2234233,other,,ar_001,,To Date,الى تاريخ,,translated,,ar_001_to_date_label,t
2234234,other,,ar_001,,Credit,رصيد دائن,,translated,,ar_001_credit_label,t
2234235,other,,ar_001,,Debit,رصيد مدين,,translated,,ar_001_debit_label,t
2234236,other,,ar_001,,Amount,المبلغ,,translated,,ar_001_amount_label,t
2234237,other,,ar_001,,Activity,النشاط,,translated,,ar_001_activity_label,t
2234238,other,,ar_001,,Transactions Type,نوع المعاملات,,translated,,ar_001_transaction_type_label,t
2234239,other,,ar_001,,Balance Before,رصيد الحساب قبل,,translated,,ar_001_balance_before_label,t
2234240,other,,ar_001,,Balance After,رصيد الحساب بعد,,translated,,ar_001_balance_after_label,t
2234241,other,,ar_001,,Create new password,أنشئ كلمة مرور جديدة,,translated,,ar_001_create_password_title,t
2234242,other,,ar_001,,Date range,نطاق التاريخ,,translated,,ar_001_date_range_title_label,t
2234243,other,,ar_001,,Child channel member,عضو القناة الفرعية,,translated,,ar_001_child_channel_member_title_label,t
2234244,other,,ar_001,,Apply Filters,تطبيق الفلاتر,,translated,,ar_001_apply_filters_button,t
2234245,other,,ar_001,,Reset,إعادة ضبط,,translated,,ar_001_reset_button,t
2234246,other,,ar_001,,Your new password must be different from previous used passwords,يجب أن تكون كلمة مرورك الجديدة مختلفة عن كلمات المرور السابقة المستخدمة,,translated,,ar_001_reset_password_different_from_previous,t
2234247,other,,ar_001,,Scanned item,العنصر المُمَسَح,,translated,,ar_001_order_details_scanned_item,t
2234248,other,,ar_001,,Filters,الفلاتر,,translated,,ar_001_purchase_orders_filters,t
2234249,other,,ar_001,,TAX,الضريبة,,translated,,ar_001_order_details_TAX,t
2234250,other,,ar_001,,Untaxed Price,السعر بدون ضريبة,,translated,,ar_001_order_details_untaxed_price,t
2234251,other,,ar_001,,Price taxes excluded,السعر غير شامل الضرائب,,translated,,ar_001_order_details_price_taxes_excluded,t
2234252,other,,ar_001,,Total Amount,المبلغ الإجمالي,,translated,,ar_001_order_details_total_amount,t
2234253,other,,ar_001,,Please enter a valid email address,يرجى إدخال عنوان بريد إلكتروني صحيح,,translated,,ar_001_message_email,t
2234254,other,,ar_001,,Please enter a valid password,يرجى إدخال كلمة مرور صحيحة,,translated,,ar_001_message_password,t
2234255,other,,ar_001,,Please enter a user name,الرجاء ادخال اسم المستخدم,,translated,,ar_001_message_username,t
2234256,other,,ar_001,,Please enter a ID number,الرجاء إدخال رقم الهوية,,translated,,ar_001_message_id_number,t
2234257,other,,ar_001,,Please enter all required fields,الرجاء إدخال جميع الحقول المطلوبة,,translated,,ar_001_message_empty,t
2234258,other,,ar_001,,Mobile number cannot be the same as Alternative mobile number,لا يمكن أن يكون رقم الهاتف المحمول هو نفسه رقم الهاتف المحمول البديل,,translated,,ar_001_message_mobile_number_confirmation,t
2234259,other,,ar_001,,Please accept privacy policy,الرجاء قبول سياسة الخصوصية,,translated,,ar_001_message_policy_accepted,t
2234260,other,,ar_001,,Please fill attachments,الرجاء تعبئة المرفقات,,translated,,ar_001_message_attachment,t
2234261,other,,ar_001,,Please validate mobile number,يرجى التحقق من صحة رقم الهاتف المحمول,,translated,,ar_001_message_mobile_number_validated,t
2234262,other,,ar_001,,Please update expiry date,يرجى تحديث تاريخ الانتهاء,,translated,,ar_001_message_expiry_date_validation,t
2234263,other,,ar_001,,Please enter a valid Oman mobile number,الرجاء إدخال رقم جوال عمان صحيح,,translated,,ar_001_message_validate_oman_number,t
2234264,other,,ar_001,,Included,متضمن,,translated,,ar_001_summary_included_label,t
2234265,other,,ar_001,,Scanned Items,العناصر الممسوحة ضوئيا,,translated,,ar_001_scanned_items_label,t
2234266,other,,ar_001,,Order Details,تفاصيل الطلب,,translated,,ar_001_order_details_label,t
2234267,other,,ar_001,,Connected Orders,الطلبات المتصلة,,translated,,ar_001_dashboard_connected_orders,t
2234268,other,,ar_001,,Submitted Orders,الطلبات المقدمة,,translated,,ar_001_dashboard_submitted_orders,t
2234269,other,,ar_001,,Request For Quotation,طلب عرض أسعار,,translated,,ar_001_request_for_quotation_button,t
2234270,other,,ar_001,,Unnamed Location,موقع غير مسمى,,translated,,ar_001_map_unnamed_location_label,t
2234390,other,,ar_001,,Please Enable Your Location To Continue,يرجى تمكين موقعك للمتابعة,,translated,,ar_001_enable_location_label,t
2234391,other,,ar_001,,Please Check Your Internet Connection And Try Again,يرجى التحقق من اتصالك بالإنترنت وحاول مرة أخرى,,translated,,ar_001_check_internet_connection_label,t
2234392,other,,ar_001,,"Location permission needed, please allow it from settings",مطلوب إذن الموقع، يرجى السماح به من الإعدادات,,translated,,ar_001_location_permission_needed_label,t
2234393,other,,ar_001,,Manage addons,إدارة الخدمات الإضافية,,translated,,ar_001_manage_addons_label,t
2234394,other,,ar_001,,Request Type,نوع الطلب,,translated,,ar_001_request_type_label,t
2234395,other,,ar_001,,Notifications,الإشعارات,,translated,,ar_001_notifications_label,t
2234396,other,,ar_001,,Inbox,صندوق الوارد,,translated,,ar_001_inbox_label,t
2234397,other,,ar_001,,Scan Serial Number,مسح الرقم التسلسلي,,translated,,ar_001_scan_serial_number,t
2234398,other,,ar_001,,Visit Results Survey,استبيان نتائج الزيارة,,translated,,ar_001_visit_results_survey_label,t
2234399,other,,ar_001,,Range,نطاق,,translated,,ar_001_range_label,t
2234400,other,,ar_001,,Item by Item,عنصر بعد عنصر,,translated,,ar_001_item_by_item_label,t
2234401,other,,ar_001,,Something went wrong,هناك خطأ ما,,translated,,ar_001_something_wrong_label,t
2234402,other,,ar_001,,Please Select Valid Dates,يرجى تحديد تواريخ صالحة,,translated,,ar_001_select_valid_dates_label,t
2234403,other,,ar_001,,Name:,اسم:,,translated,,ar_001_name_channel_members_label,t
2234404,other,,ar_001,,Area:,منطقة:,,translated,,ar_001_area_channel_members_label,t
2234405,other,,ar_001,,Location:,موقع:,,translated,,ar_001_location_channel_members_label,t
2234406,other,,ar_001,,Welcome to,مرحبا بك في,,translated,,ar_001_welcome_to_label,t
2234407,other,,ar_001,,Sales Point,,,translated,,ar_001_sales_point_label,t
2234408,other,,ar_001,,"Are You Sure You Want
 To Cancel Order?","هل انت متأكد أنك تريد
 لإلغاء الطلب؟",,translated,,ar_001_are_you_sure_cancel_order,t
2234409,other,,ar_001,,Start,بدء,,translated,,ar_001_start_label,t
2234410,other,,ar_001,,"Something went wrong, Please try again",هناك خطأ ما ، يرجى المحاولة مرة أخرى,,translated,,ar_001_something_went_wrong_label,t
2234411,other,,ar_001,,"Your Password Has Been Reset
 Successfully","تم إعادة تعيين كلمة المرور الخاصة بك
 بنجاح",,translated,,ar_001_password_reset_successfully,t
2234412,other,,ar_001,,Please update quantity first!!,الرجاء تحديث الكمية أولا !!,,translated,,ar_001_please_update_quantity_first_label,t
2234413,other,,ar_001,,Customer Information,معلومات العميل,,translated,,ar_001_customer_information_label,t
2234414,other,,ar_001,,Are You Sure You Want To Upgrade This Plan,هل أنت متأكد أنك تريد ترقية هذه الباقة,,translated,,ar_001_you_want_to_upgrade_plan_label,t
2234415,other,,ar_001,,Product quantity more than the maximum allowed quantity ,كمية المنتج أكثر من الحد الأقصى المسموحة,,translated,,ar_001_product_quantity_more_maximum_product,t
2234416,other,,ar_001,,"A New Items Has Been Added To
 Your Inventory",تمت إضافة عنصر جديد إلى المخزون الخاص بك,,translated,,ar_001_new_item_added_to_inventory_label,t
2234417,other,,ar_001,,Are you sure you want to cancel this order?,هل أنت متأكد أنك تريد إلغاء هذا الطلب؟,,translated,,ar_001_are_you_cancel_order_label,t
2234418,other,,ar_001,,The Order Delivered Successfully,تم تسليم الطلب بنجاح,,translated,,ar_001_order_delivered_successfully_label,t
2234419,other,,ar_001,,Please Fill Fields,الرجاء تعبئة الحقول,,translated,,ar_001_please_fill_fields_label,t
2234420,other,,ar_001,,Activation Failed,فشل في عملية التفعيل,,translated,,ar_001_activation_failed_label,t
2234421,other,,ar_001,,Please Select Assign To,يرجى تحديد التخصيص لـ,,translated,,ar_001_please_select_assign_label,t
2234422,other,,ar_001,,Please Select Channel Member,الرجاء تحديد عضو القناة,,translated,,ar_001_please_select_channel_member_label,t
2234423,other,,ar_001,,Commitment Period (Monthly),فترة الالتزام (شهريا),,translated,,ar_001_commitment_period_label,t
2234424,other,,ar_001,,Monthly Subscription Total,إجمالي الاشتراك الشهري,,translated,,ar_001_subscription_total_label,t
2234425,other,,ar_001,,Addons Upgraded,تم ترقية الإضافات,,translated,,ar_001_addons_upgraded_label,t
2234426,other,,ar_001,,Change PIN,تغيير الرقم السري,,translated,,ar_001_change_pin_label,t
2234427,other,,ar_001,,Enter the new PIN code,أدخل الرقم السري الجديد,,translated,,ar_001_enter_new_pin_label,t
2234428,other,,ar_001,,Current PIN,الرقم السري الحالي,,translated,,ar_001_current_pin_label,t
2234429,other,,ar_001,,New PIN code,الرقم السري الجديد,,translated,,ar_001_new_pin_code_label,t
2234430,other,,ar_001,,Confirm new PIN,قم بتأكيد رقم التعريف الشخصي الجديد,,translated,,ar_001_confirm_new_pin_label,t
2234431,other,,ar_001,,Change PIN code,تفغيير الرقم السري,,translated,,ar_001_change_pin_code_label,t
2234432,other,,ar_001,,Your PIN Code Has Been Changed Successfully,تم تغيير الرقم السري الخاص بك بنجاح,,translated,,ar_001_pin_code_changed_successfully_label,t
2234433,other,,ar_001,,Operator,المشغل,,translated,,ar_001_operator_hint_label,t
2234434,other,,ar_001,,Select voucher amount,اختر قيمة القسيمة,,translated,,ar_001_select_voucher_amount_label,t
2234435,other,,ar_001,,Enter your PIN code,أدخل الرقم السري الخاص بك,,translated,,ar_001_enter_pin_code_label,t
2234436,other,,ar_001,,Transaction Successfully Sent!,تم إرسال المعاملة بنجاح!,,translated,,ar_001_transaction_successfully_sent_label,t
2234437,other,,ar_001,,Number Of Vouchers,عدد القسائم,,translated,,ar_001_number_of_voucher_label,t
2234438,other,,ar_001,,Mobile Number,رقم الجوال,,translated,,ar_001_mobile_number_label,t
2234439,other,,ar_001,,Bundle,الحزمة,,translated,,ar_001_bundle_label,t
2234440,other,,ar_001,,Select,اختر,,translated,,ar_001_select_button_label,t
2234441,other,,ar_001,,Selected,محدد,,translated,,ar_001_selected_button_label,t
2234442,other,,ar_001,,Enter mobile number,أدخل رقم الجوال,,translated,,ar_001_enter_mobile_number_label,t
2234443,other,,ar_001,,Select a Bundle,اختر حزمة,,translated,,ar_001_select_bundle_label,t
2234444,other,,ar_001,,Select a plan,اختر الباقة,,translated,,ar_001_select_plan_label,t
2234445,other,,ar_001,,Prepaid Subscription,اشتراك مدفوع مسبقا,,translated,,ar_001_subscription_label,t
2234446,other,,ar_001,,Offer type,نوع العرض,,translated,,ar_001_offer_type_label,t
2234447,other,,ar_001,,Select data Add-on,حدد البيانات الإضافية,,translated,,ar_001_select_data_add-on_label,t
2234448,other,,ar_001,,Print,طباعة,,translated,,ar_001_print_label,t
2234449,other,,ar_001,,Transaction ID,رقم المعاملة,,translated,,ar_001_transaction_id_label,t
2234450,other,,ar_001,,Transaction Date,تاريخ المعاملة,,translated,,ar_001_transaction_date_label,t
2234451,other,,ar_001,,Receiver number,رقم المستلم,,translated,,ar_001_receiver_number_label,t
2234452,other,,ar_001,,Transaction,المعاملة,,translated,,ar_001_transaction_label,t
2234453,other,,ar_001,,Details,تفاصيل,,translated,,ar_001_details_label,t
2234454,other,,ar_001,,Export as PDF,تصدير كملف PDF,,translated,,ar_001_export_pdf_label,t
2234455,other,,ar_001,,Subscription,الاشتراك,,translated,,ar_001_subscription_type_label,t
2234456,other,,ar_001,,This plan gives you,هذه الباقة تمنحك ,,translated,,ar_001_plan_gives_label,t
2234465,other,,ar_001,,E-topup request,طلب شحن إلكتروني,,translated,,ar_001_e_top_up_request_label,t
2234466,other,,ar_001,,What do you want to do?,ماذا تريد أن تفعل؟,,translated,,ar_001_what_do_you_want_to_do_label,t
2234467,other,,ar_001,,Daily,يوميًا,,translated,,ar_001_daily_label,t
2234468,other,,ar_001,,Weekly,أسبوعيًا,,translated,,ar_001_weekly_label,t
2234469,other,,ar_001,,Monthly,شهريًا,,translated,,ar_001_monthly_label,t
2234470,other,,ar_001,,E-Topup usage,استخدام الرصيد الالكتروني,,translated,,ar_001_e_top_up_usage_label,t
2234471,other,,ar_001,,E-voucher usage,استخدام القسيمة الإلكترونية,,translated,,ar_001_e_voucher_usage_label,t
2234492,other,,ar_001,,Customer orders,طلبات العملاء,,translated,,ar_001_customer_orders_label,t
2234493,other,,ar_001,,Contract No.,رقم العقد,,translated,,ar_001_contract_no_label,t
2234494,other,,ar_001,,Contract Status,حالة العقد,,translated,,ar_001_contract_status_label,t
2234495,other,,ar_001,,Contract Start Date,تاريخ بدء العقد,,translated,,ar_001_contract_start_date_label,t
2234496,other,,ar_001,,Contract End Date,تاريخ انتهاء العقد,,translated,,ar_001_contract_end_date_label,t
2234497,other,,ar_001,,Services address,عنوان الخدمات,,translated,,ar_001_services_address_label,t
2234498,other,,ar_001,,Account info,معلومات الحساب,,translated,,ar_001_account_info_label,t
2234499,other,,ar_001,,Location ID,معرّف الموقع,,translated,,ar_001_location_id_label,t
2234500,other,,ar_001,,Plan price,سعر الباقة,,translated,,ar_001_plan_price_label,t
2234501,other,,ar_001,,Update,تحديث,,translated,,ar_001_update_label,t
2234502,other,,ar_001,,Update App Available,تحديث التطبيق متاح حاليا,,translated,,ar_001_update_app_available_label,t
2234503,other,,ar_001,,Region:,معرّف الموقع,,translated,,ar_001_region_label,t
2234504,other,,ar_001,,Region *,منطقة *,,translated,,ar_001_region_required_label,t
2234505,other,,ar_001,,vat included,بما في ذلك ضريبة القيمة المضافة,,translated,,ar_001_plan_vat_included_label,t
2234506,other,,ar_001,,Thank you For Ordering,شكرا لطلبك,,translated,,ar_001_thank_you_for_ordering_label,t
2234507,other,,ar_001,,E-Topup report,تقرير الشحن الإلكتروني,,translated,,ar_001_home_e_topup_report_label,t
2234508,other,,ar_001,,Share,يشارك,,translated,,ar_001_share_button,t
2234509,other,,ar_001,,Operater,المشغل,,translated,,ar_001_e_voucher_operater_text_field,t
2234510,other,,ar_001,,Number of vouchers,عدد القسائم,,translated,,ar_001_e_voucher_number_of_vouchers_text_field,t
2234511,other,,ar_001,,Prepaid Activation Request Has Been Sent,تم إرسال طلب تفعيل الدفع المسبق,,translated,,ar_001_prepaid_activation_request_message_label,t
2234512,other,,ar_001,,Port In request sent successfully,تم إرسال طلب المنفذ بنجاح,,translated,,ar_001_port_in_request_message_label,t
2234513,other,,ar_001,,SIM Replacement Request Has Been Sent,تم إرسال طلب استبدال بطاقة SIM,,translated,,ar_001_sim_replacement_request_message_label,t
2234514,other,,ar_001,,Return All,إرجاع الكل,,translated,,ar_001_return_all_button,t
2234515,other,,ar_001,,Stocks Quantity,كمية المخزون,,translated,,ar_001_stocks_quantity_label,t
2234517,other,,ar_001,,"Please Fill (Assigned To) First""","يرجى ملء (المُعين إلى) أولاً""",,translated,,ar_001_fill_assigned_to_message_label,t
2234518,other,,ar_001,,Reschedule,إعادة الجدولة,,translated,,ar_001_reschedule_button,t
2234519,other,,ar_001,,Date & Time ,التاريخ والوقت,,translated,,ar_001_date_time_lable,t
2234520,other,,ar_001,,Expiry Date,تاريخ انتهاء الصلاحية,,translated,,ar_001_expiry_date_label,t
2234521,other,,ar_001,,Print as receipt,طباعة كإيصال,,translated,,ar_001_print_as_receipt_label,t
2234522,other,,ar_001,,Print as voucher,طباعة كقسيمة إلكترونية,,translated,,ar_001_print_as_voucher_label,t
2234523,other,,ar_001,,to pre-order or you can choose fixed 4/5G.,للطلب المسبق أو يمكنك اختيار 4/5G الثابتة.,,translated,,ar_001_hpp_map_to_preorder_label,t
2234524,other,,ar_001,,Plans,الخطط,,translated,,ar_001_plans_label,t
2234525,other,,ar_001,,E-wallet balance (OMR),رصيد المحفظة الإلكترونية (ريال عماني),,translated,,ar_001_e_wallet_balance_label,t
2234526,other,,ar_001,,Preferred language,اللغة المفضلة,,translated,,ar_001_preferred_language_label,t
2234527,other,,ar_001,,Sales Person,مندوب المبيعات,,translated,,ar_001_sales_person_label,t
2234528,other,,ar_001,,Plan Type,نوع الخطة,,translated,,ar_001_plan_type_label,t
2234529,other,,ar_001,,Offers,العروض,,translated,,ar_001_offers_label,t
2234530,other,,ar_001,,Current SIM Code,رمز SIM الحالي,,translated,,ar_001_current_sim_code_label,t
2234531,other,,ar_001,,SIM Details,تفاصيل بطاقة SIM,,translated,,ar_001_sim_details_label,t
2234532,other,,ar_001,,Documents,وثائق,,translated,,ar_001_documents_label,t
2234533,other,,ar_001,,Replacement reason,سبب الاستبدال,,translated,,ar_001_replacement_reason_label,t
2234534,other,,ar_001,,Prepaid fulfilment,استيفاء الدفع المسبق,,translated,,ar_001_prepaid_fulfilment_label,t
2234535,other,,ar_001,,Passport,جواز سفر,,translated,,ar_001_passport_label,t
2234536,other,,ar_001,,Customer ID,معرف العميل,,translated,,ar_001_customer_id_label,t
2234537,other,,ar_001,,Number Type,نوع الرقم,,translated,,ar_001_number_type_label,t
2234538,other,,ar_001,,Vanity Amount,مبلغ الغرور,,translated,,ar_001_vanity_amount_label,t
2234539,other,,ar_001,,Digital Offers,العروض الرقمية,,translated,,ar_001_digital_offers_label,t
2234540,other,,ar_001,,Recharge amount (OMR),مبلغ إعادة الشحن (ريال عماني),,translated,,ar_001_recharge_amount_label,t
2234541,other,,ar_001,,SIM Information,معلومات بطاقة SIM,,translated,,ar_001_sim_information_label,t
2234542,other,,ar_001,,Please enter customer ID or You can scan it,الرجاء إدخال معرف العميل أو يمكنك مسحه ضوئيًا,,translated,,ar_001_enter_customer_label,t
2234543,other,,ar_001,,Please enter MSISDN,الرجاء إدخال MSISDN,,translated,,ar_001_please_enter_msisdn_label,t
2234544,other,,ar_001,,Electricity Account number,رقم حساب الكهرباء,,translated,,ar_001_electricity_account_number_label,t
2234545,other,,ar_001,,Contact Number,رقم الاتصال,,translated,,ar_001_contact_number_label,t
2234546,other,,ar_001,,Contact Information,معلومات الاتصال,,translated,,ar_001_contact_information_label,t
2234547,other,,ar_001,,Third Name,الاسم الثالث,,translated,,ar_001_third_name_label,t
2234548,other,,ar_001,,Customer Language,لغة العميل,,translated,,ar_001_customer_language_label,t
2234549,other,,ar_001,,Second name,الاسم الثاني,,translated,,ar_001_second_name_label,t
2234550,other,,ar_001,,SIM type,نوع بطاقة SIM,,translated,,ar_001_sim_type_label,t
2234551,other,,ar_001,,ICCID,المركز الدولي لمكافحة الفساد,,translated,,ar_001_iccid_label,t
2234552,other,,ar_001,,Payment status,حالة الدفع,,translated,,ar_001_payment_status_label,t
2234553,other,,ar_001,,Valid for,صالحة ل,,translated,,ar_001_valid_for_label,t
2234554,other,,ar_001,,Primary,أساسي,,translated,,ar_001_primary_label,t
2234555,other,,ar_001,,ID expiry date,تاريخ انتهاء صلاحية الهوية,,translated,,ar_001_id_expiry_date_label,t
2234556,other,,ar_001,,Achievement/Target,الإنجاز/الهدف,,translated,,ar_001_achievement_target_label,t
2234557,other,,ar_001,,Earned commission,العمولة المكتسبة,,translated,,ar_001_earned_commission_label,t
2234558,other,,ar_001,,Order quality,جودة الطلب,,translated,,ar_001_order_quality_label,t
2234559,other,,ar_001,,Performance,أداء,,translated,,ar_001_performance_label,t
2234560,other,,ar_001,,Customer activities,,,translated,,ar_001_customer_activates_label,t
2234561,other,,ar_001,,Stock management ,إدارة المخزون,,translated,,ar_001_stock_management_label,t
2234562,other,,ar_001,,E-reload ,,,translated,,ar_001_ereload_label,t
2234563,other,,ar_001,,LMTD,,,translated,,ar_001_lmtd_label,t
2234564,other,,ar_001,,Update ID,تحديث المعرف,,translated,,ar_001_update_id_label,t
2234565,other,,ar_001,,Overview,ملخص,,translated,,ar_001_overview_label,t
2234566,other,,ar_001,,Widgets,أدوات واجهة المستخدم,,translated,,ar_001_widgets_label,t
2234567,other,,ar_001,,Build,البناء,,translated,,ar_001_build_label,t
2234568,other,,ar_001,,Profile,حساب تعريفي,,translated,,ar_001_profile_label,t
2234569,other,,ar_001,,DMS One App,تطبيق DMS One,,translated,,ar_001_dms_app_label,t
2234570,other,,ar_001,,Capture document ,التقاط المستند,,translated,,ar_001_capture_documents_label,t
2234571,other,,ar_001,,Select Document type,حدد نوع المستند,,translated,,ar_001_select_document_type_label,t
2234572,other,,ar_001,,ID Expired,انتهت صلاحية الهوية,,translated,,ar_001_id_expired_label,t
2234573,other,,ar_001,,Enter ID expiry date,أدخل تاريخ انتهاء صلاحية الهوية,,translated,,ar_001_enter_id_expiry_date_text_field,t
2234574,other,,ar_001,,Choose Title,اختر العنوان,,translated,,ar_001_choose_title_text_field,t
2234575,other,,ar_001,,Enter first name,أدخل الاسم الأول,,translated,,ar_001_enter_first_name_text_field,t
2234576,other,,ar_001,,Enter second name,أدخل الاسم الثاني,,translated,,ar_001_enter_second_name_text_field,t
2234577,other,,ar_001,,Enter Third name,أدخل الاسم الثالث,,translated,,ar_001_enter_third_name_text_field,t
2234578,other,,ar_001,,Enter last name,أدخل الاسم الأخير,,translated,,ar_001_enter_last_name_text_field,t
2234579,other,,ar_001,,Choose gender,اختر الجنس,,translated,,ar_001_choose_gender_text_field,t
2234580,other,,ar_001,,Enter Nationality,أدخل الجنسية,,translated,,ar_001_enter_nationality_text_field,t
2234581,other,,ar_001,,Enter birth of date,أدخل تاريخ الميلاد,,translated,,ar_001_enter_birth_of_date_text_field,t
2234582,other,,ar_001,,Enter Electricity account number,أدخل رقم حساب الكهرباء,,translated,,ar_001_enter_electricity_account_number_text_field,t
2234583,other,,ar_001,,Enter contact number,أدخل رقم الاتصال,,translated,,ar_001_enter_contact_number_text_field,t
2234584,other,,ar_001,,Enter email address ,أدخل عنوان البريد الإلكتروني,,translated,,ar_001_enter_email_address_text_field,t
2234701,other,,ar_001,,Change password,تغيير كلمة المرور,,translated,,ar_001_change_password_button,t
2234702,other,,ar_001,,Select type,حدد النوع,,translated,,ar_001_select_type_label,t
2234703,other,,ar_001,,IOS version,نسخة IOS,,translated,,ar_001_ios_version_label,t
2234704,other,,ar_001,,Imei,إيمي,,translated,,ar_001_imei_label_,t
2234705,other,,ar_001,,Physical-SIM,بطاقة SIM المادية,,translated,,ar_001_physical_sim_prepaid_label,t
2234706,other,,ar_001,,E-SIM,شريحة إلكترونية,,translated,,ar_001_e_sim_prepaid_label,t
2234707,other,,ar_001,,Predefined plan,خطة محددة مسبقًا,,translated,,ar_001_predefined_plan_label,t
2234708,other,,ar_001,,Edit,يحرر,,translated,,ar_001_edit_label,t
2234709,other,,ar_001,,Selected add-ons,الإضافات المختارة,,translated,,ar_001_selected_add_ons_label,t
2234710,other,,ar_001,,Voice add-ons,إضافات الصوت,,translated,,ar_001_voice_add_ons_label,t
2234711,other,,ar_001,,E Top-up,تعبئة الرصيد,,translated,,ar_001_e_top_up_title_label,t
2234712,other,,ar_001,,Enter amount,أدخل المبلغ,,translated,,ar_001_enter_amount_text_field,t
2234713,other,,ar_001,,Select product,اختر المنتج,,translated,,ar_001_select_product_text_field,t
2234714,other,,ar_001,,Mobile number,رقم الهاتف المحمول,,translated,,ar_001_mobile_number_e_reload_label,t
2234715,other,,ar_001,,Your transaction was done successfully,لقد تمت معاملتك بنجاح,,translated,,ar_001_transaction_was_done_successfully_label,t
2234716,other,,ar_001,,Select Operator,حدد المشغل,,translated,,ar_001_select_operator_label,t
2234717,other,,ar_001,,Enter number of voucher,أدخل رقم القسيمة,,translated,,ar_001_enter_number_of_voucher_label,t
2234718,other,,ar_001,,Ooredoo Salespoint,Ooredoo Salespoint,,translated,,ar_001_ooredoo_salespoint_title,t
2234719,other,,ar_001,,E-Topup,الشحن الإلكتروني,,translated,,ar_001_e_topup_export_pdf_title_label,t
2234720,other,,ar_001,,Transaction details,تفاصيل المعاملة,,translated,,ar_001_transaction_details_title_label,t
2234721,other,,ar_001,,E-wallet balance,رصيد المحفظة الإلكترونية,,translated,,ar_001_e_wallet_balance_customer_recharge_label,t
2234722,other,,ar_001,,Transaction Success!,تمت المعاملة بنجاح!,,translated,,ar_001_transaction_success_label,t
2234723,other,,ar_001,,Dealer username,اسم مستخدم التاجر,,translated,,ar_001_dealer_username_text_field,t
2234724,other,,ar_001,,Stock return,عائد الأسهم,,translated,,ar_001_stock_return_activity_label,t
2234725,other,,ar_001,,Purchase order,أمر شراء,,translated,,ar_001_purchase_order_activity_label,t
2234726,other,,ar_001,,SIM replacement,استبدال بطاقة SIM,,translated,,ar_001_sim_replacement_activity_label,t
2234727,other,,ar_001,, Fulfilment,الإنجاز,,translated,,ar_001_fulfilment_activity_label,t
2234728,other,,ar_001,,Port IN,المنفذ IN,,translated,,ar_001_port_in_activity_label,t
2234729,other,,ar_001,,Dealer report,تقرير التاجر,,translated,,ar_001_commission_report_activity_label,t
2234730,other,,ar_001,,language,لغة,,translated,,ar_001_language_settings_text_field,t
2234731,other,,ar_001,,version,إصدار,,translated,,ar_001_version_settings_label,t
2234732,other,,ar_001,,Stock Management,إدارة المخزون,,translated,,ar_001_stock_management_services_label,t
2234733,other,,ar_001,,Log out,تسجيل الخروج,,translated,,ar_001_log_out_label,t
2234734,other,,ar_001,,Notification,إشعار,,translated,,ar_001_notification_title_label,t
2234735,other,,ar_001,,Personal information,معلومات شخصية,,translated,,ar_001_personal_information_label,t
2234736,other,,ar_001,,ID number,رقم الهوية,,translated,,ar_001_id_number_text_field,t
2234737,other,,ar_001,,Title,عنوان,,translated,,ar_001_title_text_field,t
2234738,other,,ar_001,,First name,الاسم الأول,,translated,,ar_001_first_name_text_filed,t
2234739,other,,ar_001,,Third name,الاسم الثالث,,translated,,ar_001_third_name_text_field,t
2234740,other,,ar_001,,Last name,اسم العائلة,,translated,,ar_001_last_name_text_field,t
2234741,other,,ar_001,,Gender,جنس,,translated,,ar_001_gender_text_field,t
2234742,other,,ar_001,,Nationality,جنسية,,translated,,ar_001_nationality_text_field,t
2234743,other,,ar_001,,Date of birth,تاريخ الميلاد,,translated,,ar_001_date_of_birth_text_field,t
2234744,other,,ar_001,,Electricity account number,رقم حساب الكهرباء,,translated,,ar_001_electricity_account_number_text_field,t
2234745,other,,ar_001,,Email Address,عنوان البريد الإلكتروني,,translated,,ar_001_email_address_text_field,t
2234746,other,,ar_001,,ID type,نوع الهوية,,translated,,ar_001_id_type_text_field,t
2234747,other,,ar_001,,Try again,حاول ثانية,,translated,,ar_001_try_again_label,t
2234748,other,,ar_001,,Full address,العنوان الكامل,,translated,,ar_001_full_address_label,t
2234749,other,,ar_001,,Contact number,رقم الاتصال,,translated,,ar_001_contact_number_text_field,t
2234750,other,,ar_001,,Governorate ,محافظة ,,translated,,ar_001_governorate_text_field,t
2234751,other,,ar_001,,Willayat,ولاية,,translated,,ar_001_willayat_text_field,t
2234752,other,,ar_001,,Area,منطقة,,translated,,ar_001_area_text_field,t
2234753,other,,ar_001,,House number,رقم المنزل,,translated,,ar_001_house_number_text_field,t
2234754,other,,ar_001,,FDN number,رقم FDN,,translated,,ar_001_fdn_number_title_label,t
2234755,other,,ar_001,,Pick different number,اختر رقمًا مختلفًا,,translated,,ar_001_pick_different_number_button_label,t
2234756,other,,ar_001,,Terms and conditions,الشروط والأحكام,,translated,,ar_001_terms_and_conditions_label,t
2234757,other,,ar_001,,Postal code,رمز بريدي,,translated,,ar_001_postal_code_text_field,t
2234758,other,,ar_001,,SIM Replacement Resubmit,إعادة إرسال استبدال بطاقة SIM,,translated,,ar_001_sim_replacement_resubmit_label,t
2234759,other,,ar_001,,Prepaid Port In,منفذ الدفع المسبق,,translated,,ar_001_prepaid_port_in_title_label,t
2234760,other,,ar_001,,Region,منطقة,,translated,,ar_001_region_new_address_label,t
2234761,other,,ar_001,,New customer,عميل جديد,,translated,,ar_001_new_customer_label,t
2234762,other,,ar_001,,Existing customer,العميل الحالي,,translated,,ar_001_existing_customer_label,t
2234763,other,,ar_001,,Total due amount (OMR),إجمالي المبلغ المستحق (ريال عماني),,translated,,ar_001_total_due_amount_text_field,t
2234764,other,,ar_001,,Temp MSISDN,مؤقت MSISDN,,translated,,ar_001_temp_msisdn_text_field,t
2234765,other,,ar_001,,Report,تقرير,,translated,,ar_001_report_label,t
2234766,other,,ar_001,,User name,اسم المستخدم,,translated,,ar_001_user_name_text_field,t
2234767,other,,ar_001,,Share by Email,المشاركة عبر البريد الإلكتروني,,translated,,ar_001_share_by_email_button,t
2234768,other,,ar_001,,Sales Order,طلب مبيعات,,translated,,ar_001_sales_order_label,t
2234769,other,,ar_001,,Your Location is need,موقعك مطلوب,,translated,,ar_001_your_location_is_need_label,t
2234770,other,,ar_001,,Activates history,ينشط التاريخ,,translated,,ar_001_activates_history_label,t
2234771,other,,ar_001,,See all,انظر الكل,,translated,,ar_001_see_all_label,t
2234772,other,,ar_001,,Date from,التاريخ من,,translated,,ar_001_date_from_report_label,t
2234773,other,,ar_001,,Date to,تاريخ إلى,,translated,,ar_001_date_to_report_label,t
2234774,other,,ar_001,,Due amount,المبلغ المستحق,,translated,,ar_001_due_amount_report_label,t
2234775,other,,ar_001,,Target VS Achievement,الهدف مقابل الإنجاز,,translated,,ar_001_target_vs_achievement_report_label,t
2234776,other,,ar_001,,Activation Orders,أوامر التنشيط,,translated,,ar_001_activation_oreders_report_label,t
2234777,other,,ar_001,,No Connection,لا يوجد اتصال,,translated,,ar_001_no_connection_label,t
2234778,other,,ar_001,,Please Check Your Internet Connection And Try Again,يرجى التحقق من اتصالك بالإنترنت وحاول مرة أخرى,,translated,,ar_001_please_check_your_internet_connection_label,t
2234779,other,,ar_001,,Please Enable Your Location To Continue,يرجى تمكين موقعك للمتابعة,,translated,,ar_001_please_enable_your_location_to_continue_label,t
2234780,other,,ar_001,,All Activates,جميع التنشيطات,,translated,,ar_001_all_activates_label,t
2234781,other,,ar_001,,Activation details,تفاصيل التنشيط,,translated,,ar_001_activates_details_label,t
2234782,other,,ar_001,,Plan Price (OMR),سعر الخطة (ريال عماني),,translated,,ar_001_plan_price_omr_label,t
2234783,other,,ar_001,,Total amount (OMR),المبلغ الإجمالي (ريال عماني),,translated,,ar_001_total_amount_omr_label,t
2234784,other,,ar_001,,",+15% VAT",+15% ضريبة القيمة المضافة,,translated,,ar_001_plus_vat_sales_order_label,t
2234785,other,,ar_001,,You must fill all serial numbers.,يجب عليك ملء جميع الأرقام التسلسلية.,,translated,,ar_001_you_must_fill_all_serial_numbers_label,t
2234786,other,,ar_001,,"All items are filled, you can edit one by one.",تم ملء جميع العناصر، ويمكنك تعديلها واحدًا تلو الآخر.,,translated,,ar_001_all_items_are_filled_label,t
2234787,other,,ar_001,,Place your passport in the frame,ضع جواز سفرك في الإطار,,translated,,ar_001_passport_scan_label,t
2234788,other,,ar_001,,Forget password?,نسيت كلمة المرور؟,,translated,,ar_001_forget_password_label_,t
2234789,other,,ar_001,,Sales order,طلب مبيعات,,translated,,ar_001_sales_order_label_,t
2234790,other,,ar_001,,Search subscription,بحث الاشتراك,,translated,,ar_001_search_subscription_title_,t
2234791,other,,ar_001,,Plan type,نوع الخطة,,translated,,ar_001_plan_type_label_,t
2234792,other,,ar_001,,No Signature found,لم يتم العثور على توقيع,,translated,,ar_001_no_signature_found_label_,t
2234793,other,,ar_001,,Your ID Card is Expired,بطاقة هويتك منتهية الصلاحية,,translated,,ar_001_your_id_card_is_expired_label,t
2234794,other,,ar_001,,HRN,إتش آر إن,,translated,,ar_001_hrn_label,t
2234795,other,,ar_001,,Expiry date,تاريخ انتهاء الصلاحية,,translated,,ar_001_expiry_date_title_label,t
2234796,other,,ar_001,,Operator name,اسم المشغل,,translated,,ar_001_operator_name_label,t
2234797,other,,ar_001,,Plan config name,اسم تكوين الخطة,,translated,,ar_001_plan_config_name_label,t
2234798,other,,ar_001,,Serial number,رقم سري,,translated,,ar_001_serial_number_label,t
2234799,other,,ar_001,,Confirm new PIN code,تأكيد رمز PIN الجديد,,translated,,ar_001_confirm_new_pin_code_label,t
2234800,other,,ar_001,,Current PIN code,رمز PIN الحالي,,translated,,ar_001_current_pin_code_label,t
2234801,other,,ar_001,,Balance before,التوازن قبل,,translated,,ar_001_balance_before_label_,t
2234802,other,,ar_001,,Balance after,التوازن بعد,,translated,,ar_001_balance_after_label_,t
2234803,other,,ar_001,,Payment method,طريقة الدفع,,translated,,ar_001_payment_method_label_,t
2234804,other,,ar_001,,Voucher code,رمز القسيمة,,translated,,ar_001_voucher_code_label_,t
2234805,other,,ar_001,,Purchase Order,أمر شراء,,translated,,ar_001_purchase_order_label_,t
2234806,other,,ar_001,,Your Passport is Expired,جواز سفرك منتهي الصلاحية,,translated,,ar_001_your_passport_is_expired_label,t
2234807,other,,ar_001,,Channel member onboarding,دمج أعضاء القناة,,translated,,ar_001_channel_onboarding_label,t
2234808,other,,ar_001,,% VAT,% ضريبة القيمة المضافة,,translated,,ar_001_percentage_vat_label,t
2234809,other,,ar_001,,Map,رسم خريطة,,translated,,ar_001_map_label,t
2234810,other,,ar_001,,The number is out of range,الرقم خارج النطاق,,translated,,ar_001_the_number_is_of_range_label,t
2234811,other,,ar_001,,Cannot recognize the scanned document or the scanned document is not eligible to do this activation type.,لا يمكن التعرف على المستند الممسوح ضوئيًا أو أن المستند الممسوح ضوئيًا غير مؤهل للقيام بهذا النوع من التنشيط.,,translated,,ar_001_invalid_document_label,t
2234812,other,,ar_001,,Product's,منتجات,,translated,,ar_001_products_label_,t
2234920,other,,ar_001,,Your broadcast has been sent successfully,لقد تم إرسال البث الخاص بك بنجاح,,translated,,ar_001_broadcast_success_message_label,t
2234921,other,,ar_001,,Please select at least one channel member,الرجاء تحديد عضو قناة واحد على الأقل,,translated,,ar_001_select_channel_member_warning,t
2234922,other,,ar_001,,Please type a message to send,الرجاء كتابة الرسالة لإرسالها,,translated,,ar_001_add_broadcast_message_warning,t
2234923,other,,ar_001,,No Location,لا يوجد موقع,,translated,,ar_001_no_location_label,t
2234924,other,,ar_001,,Enter your message here,أدخل رسالتك هنا,,translated,,ar_001_enter_your_message_label,t
2234925,other,,ar_001,,Write a message,اكتب رسالة,,translated,,ar_001_write_a_message_label,t
2234926,other,,ar_001,,Attach file,إرفاق الملف,,translated,,ar_001_attach_file_label,t
2234927,other,,ar_001,,Upload file,تحميل الملف,,translated,,ar_001_upload_file_label,t
2234928,other,,ar_001,,press to start recording,اضغط لبدء التسجيل,,translated,,ar_001_press_to_start_recording_label,t
2234929,other,,ar_001,,press to stop recording,اضغط لإيقاف التسجيل,,translated,,ar_001_press_to_stop_recording_label,t
2234930,other,,ar_001,,Click below to select the recipient for your message.,انقر أدناه لتحديد المستلم لرسالتك.,,translated,,ar_001_click_below_to_select_recipient_for_message,t
2234931,other,,ar_001,,Add recipient,إضافة المستلم,,translated,,ar_001_add_recipient_label,t
2234932,other,,ar_001,,Send,يرسل,,translated,,ar_001_send_button_title,t
2234933,other,,ar_001,,Received,تلقى,,translated,,ar_001_received_title_label,t
2234934,other,,ar_001,,File,ملف,,translated,,ar_001_file_label,t
2234935,other,,ar_001,,Voice,صوت,,translated,,ar_001_voice_label,t
2234936,other,,ar_001,,Are you sure to submit survey before end time?,هل أنت متأكد من إرسال الاستطلاع قبل وقت الانتهاء؟,,translated,,ar_001_alert_survey_timer_label,t
2234937,other,,ar_001,,KPIs,مؤشرات الأداء الرئيسية,,translated,,ar_001_kpis_label,t
2234938,other,,ar_001,,performance at glance(Last 10 days),نظرة عامة على الأداء (آخر 10 أيام),,translated,,ar_001_performance_glance_last_days_label,t
2234939,other,,ar_001,,Cancel Visit,إلغاء الزيارة,,translated,,ar_001_cancel_visit_label,t
2234940,other,,ar_001,,Select Area,حدد المنطقة,,translated,,ar_001_select_area_label,t
2234941,other,,ar_001,,Select Region,حدد المنطقة,,translated,,ar_001_select_region_label,t
2234942,other,,ar_001,,Select Wilaya,اختر الولاية,,translated,,ar_001_select_wilaya_label,t
2234943,other,,ar_001,,Select Location,حدد الموقع,,translated,,ar_001_select_location_label,t
2234944,other,,ar_001,,"To populate the result date, please select the visit date first",لتعبئة تاريخ النتيجة، يرجى تحديد تاريخ الزيارة أولاً,,translated,,ar_001_visit_result_date_warning,t
2234945,other,,ar_001,,Please selecte at least one item,الرجاء تحديد عنصر واحد على الأقل,,translated,,ar_001_please_selecte_at_least_one_item_label,t
2234946,other,,ar_001,,Please fill the title,الرجاء ملء العنوان,,translated,,ar_001_alert_please_fill_title,t
2234947,other,,ar_001,,No data found,لم يتم العثور على أي بيانات,,translated,,ar_001_no_data_found_label,t
2234948,other,,ar_001,,Area manager ,مدير المنطقة,,translated,,ar_001_area_manager_label,t
2234949,other,,ar_001,,Choose Dealer,اختر التاجر,,translated,,ar_001_choose_dealer_label,t
2234950,other,,ar_001,,Choose Area manager,اختر مدير المنطقة,,translated,,ar_001_choose_area_manager,t
2234951,other,,ar_001,,Choose DSM,اختر DSM,,translated,,ar_001_choose_dsm_label,t
2234952,other,,ar_001,,Enter your answer,أدخل إجابتك,,translated,,ar_001_enter_your_answer_label,t
2234953,other,,ar_001,,Enter your message here,أدخل رسالتك هنا,,translated,,ar_001_enter_your_message_here_label,t
2234954,other,,ar_001,,Send,يرسل,,translated,,ar_001_send_label,t
2234955,other,,ar_001,,"Invalid QR code or the QR code is expired, kindly refresh the page to get the new QR code.",رمز الاستجابة السريعة (QR) غير صالح أو انتهت صلاحية رمز الاستجابة السريعة، يرجى تحديث الصفحة للحصول على رمز الاستجابة السريعة الجديد.,,translated,,ar_001_validation_qr_code_message,t
2234291,other,,ar_001,,Forget Password,نسيت كلمة المرور,,translated,,ar_001_forgot_password_label,t
2234292,other,,ar_001,,Activation,التفعيل,,translated,,ar_001_activation_label,t
2234293,other,,ar_001,,Payment Confirmation,تأكيد الدفع,,translated,,ar_001_payment_confirmation_label,t
2234294,other,,ar_001,,Postpaid Activation Request Has Been Sent,تم إرسال طلب تفعيل خط الفاتورة,,translated,,ar_001_postpaid_activation_request_message_label,t
2234295,other,,ar_001,,This Number For You,هذا الرقم لك,,translated,,ar_001_this_number_for_you_label,t
2234296,other,,ar_001,,Pick Different Number,اختر رقماً آخر,,translated,,ar_001_pick_different_number_button,t
2234297,other,,ar_001,,Choose SIM Type,اختر نوع الشريحة,,translated,,ar_001_choose_sim_type_label,t
2234298,other,,ar_001,,E - SIM,الشريحة الالكترونية,,translated,,ar_001_e_sim_label,t
2234299,other,,ar_001,,Physical - SIM,الشريحة الفيزيائية,,translated,,ar_001_physical_sim_label,t
2234300,other,,ar_001,,SIM Card,شريحة جوال,,translated,,ar_001_sim_card_text_field,t
2234301,other,,ar_001,,Credit limit,الحد الائتماني,,translated,,ar_001_credit_limit_text_field,t
2234302,other,,ar_001,,Scan,مسح,,translated,,ar_001_scan_button,t
2234303,other,,ar_001,,Old Type,النوع القديم,,translated,,ar_001_old_type_label,t
2234304,other,,ar_001,,Postpaid,الدفع الآجل,,translated,,ar_001_postpaid_label,t
2234305,other,,ar_001,,Prepaid,الدفع المسبق,,translated,,ar_001_prepaid_label,t
2234306,other,,ar_001,,MSISDN,رقم الجوال,,translated,,ar_001_msisdn_label_text_field,t
2234307,other,,ar_001,,Current SIM NO,رقم الشريحة الحالي,,translated,,ar_001_current_sim_no_text_field,t
2234308,other,,ar_001,,Current SIM Type,نوع الشريحة الحالية,,translated,,ar_001_current_sim_type_label,t
2234309,other,,ar_001,,New SIM Type,نوع الشريحة الجديدة,,translated,,ar_001_new_sim_type_label,t
2234310,other,,ar_001,,New SIM Code,رمز الشريحة الجديدة,,translated,,ar_001_new_sim_code_text_fiield,t
2234311,other,,ar_001,,Plan/Bill Amount,مبلغ الباقة/ الفاتورة,,translated,,ar_001_plan_bill_amount_label,t
2234312,other,,ar_001,,Commission(OMR),العمولة (ريال عماني),,translated,,ar_001_commission_omr_label,t
2234313,other,,ar_001,,Search By Email…,البحث عن طريق البريد الإلكتروني...,,translated,,ar_001_search_by_email_title_label,t
2234314,other,,ar_001,,Search By ID,البحث برقم الهوية,,translated,,ar_001_search_by_id_title_label,t
2234315,other,,ar_001,,Visit Status,حالة الزيارة,,translated,,ar_001_visit_status_label,t
2234316,other,,ar_001,,Purchase Status,حالة الشراء,,translated,,ar_001_purchase_status_label,t
2234317,other,,ar_001,,Delivery Status,حالة التوصيل,,translated,,ar_001_delivery_status_label,t
2234318,other,,ar_001,,Denomination,الفئة,,translated,,ar_001_denomination_hint_label,t
2234319,other,,ar_001,,Recharge Type,نوع الشحن,,translated,,ar_001_recharge_type_hint_label,t
2234320,other,,ar_001,,Mobile No./Nickname,رقم الجوال/ الاسم الحركي,,translated,,ar_001_no_nick_name_hint_label,t
2234321,other,,ar_001,,Amount,المبلغ,,translated,,ar_001_amount_hint_label,t
2234322,other,,ar_001,,Pin,دبوس,,translated,,ar_001_pin_hint_label,t
2234323,other,,ar_001,,Next,التالي,,translated,,ar_001_next_button_label,t
2234324,other,,ar_001,,Search Now,ابحث الآن,,translated,,ar_001_search_now_hint_label,t
2234325,other,,ar_001,,Order Status,حالة الطلب,,translated,,ar_001_order_status_label,t
2234326,other,,ar_001,,Product,المنتج,,translated,,ar_001_product_hint_label,t
2234327,other,,ar_001,,Channel Member,عضو القناة,,translated,,ar_001_channel_member_label,t
2234328,other,,ar_001,,Visit Name,اسم الزيارة,,translated,,ar_001_visit_name_label,t
2234329,other,,ar_001,,Assigned To,مخصص ل,,translated,,ar_001_assigned_to_label,t
2234330,other,,ar_001,,Date From,التاريخ من,,translated,,ar_001_date_from_label,t
2234331,other,,ar_001,,Date To,التاريخ ل,,translated,,ar_001_date_to_label,t
2234332,other,,ar_001,,Steps of call,خطوات الاتصال,,translated,,ar_001_steps_of_call_label,t
2234333,other,,ar_001,,Is Recurring ?,هل هو متكرر؟,,translated,,ar_001_is_recurring_label,t
2234334,other,,ar_001,,Channel Members,أعضاء القناة,,translated,,ar_001_channel_members_label,t
2234335,other,,ar_001,,View Map,إعرض الخريطة,,translated,,ar_001_view_map_button,t
2234336,other,,ar_001,,Members Visit,زيارة الأعضاء,,translated,,ar_001_member_visit_label,t
2234337,other,,ar_001,,Target,الهدف,,translated,,ar_001_target_label,t
2234338,other,,ar_001,,Go To Location,اذهب إلى الموقع,,translated,,ar_001_go_to_location_button,t
2234339,other,,ar_001,,Name,الاسم,,translated,,ar_001_name_label,t
2234340,other,,ar_001,,Location,الموقع,,translated,,ar_001_location_label,t
2234341,other,,ar_001,,Profile Image,صورة الملف الشخصي,,translated,,ar_001_profile_image_label,t
2234342,other,,ar_001,,Select Channel Member,حدد عضو القناة,,translated,,ar_001_select_channe_member_title_label,t
2234343,other,,ar_001,,Channel Member,عضو القناة,,translated,,ar_001_channel_member_text_field,t
2234344,other,,ar_001,,New Order,طلب جديد,,translated,,ar_001_new_order_title_label,t
2234345,other,,ar_001,,Manage,ادارة,,translated,,ar_001_manage_label,t
2234346,other,,ar_001,,Build Your Own,اصنع بنفسك,,translated,,ar_001_build_your_own_segment_control_title,t
2234347,other,,ar_001,,Predefined,محدّد مسبقًا,,translated,,ar_001_pedefined_segment_control_title,t
2234348,other,,ar_001,,Activate,تفعيل,,translated,,ar_001_activate_button,t
2234349,other,,ar_001,,Temp NO,رقم مؤقت,,translated,,ar_001_temp_no_text_field,t
2234350,other,,ar_001,,Port In No,رقم الاحتفاظ بالرقم,,translated,,ar_001_port_in_no,t
2234351,other,,ar_001,,Donor,المانح,,translated,,ar_001_donor,t
2234352,other,,ar_001,,Minutes,دقائق,,translated,,ar_001_minutes_label,t
2234353,other,,ar_001,,GB,جيجابايت,,translated,,ar_001_gb_label,t
2234354,other,,ar_001,,Internet,إنترنت,,translated,,ar_001_internet_label,t
2234355,other,,ar_001,,Local,محلي,,translated,,ar_001_local_label,t
2234356,other,,ar_001,,Reject,رفض,,translated,,ar_001_reject_label,t
2234357,other,,ar_001,,Reject Reason,سبب الرفض,,translated,,ar_001_reject_reason_label,t
2234358,other,,ar_001,,Approve,قبول,,translated,,ar_001_approve_label,t
2234359,other,,ar_001,,Approved,مقبولة,,translated,,ar_001_approved_label,t
2234360,other,,ar_001,,All channel members,جميع اعضاء القناة,,translated,,ar_001_all_channel_label,t
2234361,other,,ar_001,,Your Privacy Policy goes here,سياسة الخصوصية الخاصة بك هنا,,translated,,ar_001_privacy_policy_goes_label,t
2234362,other,,ar_001,,No Member Result,لا يوجد نتائج للعضو,,translated,,ar_001_member_result_label,t
2234363,other,,ar_001,,Order date :,تاريخ الطلب :,,translated,,ar_001_order_date_label,t
2234364,other,,ar_001,,Open Settings,فتح الإعدادات,,translated,,ar_001_open_settings_label,t
2234365,other,,ar_001,,Payment Method,طريقة الدفع,,translated,,ar_001_payment_method_label,t
2234366,other,,ar_001,,Cash,نقداً,,translated,,ar_001_cash_label,t
2234367,other,,ar_001,,POS,نقاط البيع,,translated,,ar_001_pos_label,t
2234368,other,,ar_001,,Confirm Payment,تأكيد الدفع,,translated,,ar_001_confirm_payment_label,t
2234369,other,,ar_001,,Add Visit Results,إضافة نتائج الزيارة,,translated,,ar_001_visit_results_label,t
2234370,other,,ar_001,,Quantity :,الكمية :,,translated,,ar_001_quantity_label,t
2234371,other,,ar_001,,No Visits,لا يوجد زيارات,,translated,,ar_001_no_visit_label,t
2234372,other,,ar_001,,Introducing a new leading point product sales app,تقديم تطبيق مبيعات منتج رائد جديد,,translated,,ar_001_new_leading_point_product_label,t
2234373,other,,ar_001,,Stocks,المخزون,,translated,,ar_001_stocks_label,t
2234374,other,,ar_001,,Visit has started,بدأت الزيارة,,translated,,ar_001_visit_started_label,t
2234375,other,,ar_001,,Basic,أساسي,,translated,,ar_001_basic_label,t
2234376,other,,ar_001,,Mbps,ميغابت في الثانية,,translated,,ar_001_mbps_label,t
2234377,other,,ar_001,,Visit Purpose,هدف الزيارة,,translated,,ar_001_visit_purpose_hint_label,t
2234378,other,,ar_001,,Visit Date,تاريخ الزيارة,,translated,,ar_001_visit_date_hint_label,t
2234379,other,,ar_001,,Survey,الاستبيان,,translated,,ar_001_survey_hint_label,t
2234380,other,,ar_001,,Surveyed By,قام بالاستبيان,,translated,,ar_001_surveyed_by_hint_label,t
2234381,other,,ar_001,,Visit Results,نتائج الزيارة,,translated,,ar_001_visit_results_hint_label,t
2234382,other,,ar_001,,Select Reason,حدد السبب,,translated,,ar_001_select_reason_hint_label,t
2234383,other,,ar_001,,Start Range,بداية النطاق,,translated,,ar_001_start_range_hint_label,t
2234384,other,,ar_001,,End Range,نهاية النطاق,,translated,,ar_001_end_range_hint_label,t
2234385,other,,ar_001,,SIM Code,كود الشريحة,,translated,,ar_001_sim_code_hint_label,t
2234386,other,,ar_001,,Serial Number,الرقم التسلسلي,,translated,,ar_001_serial_number_hint_label,t
2234387,other,,ar_001,,Cycle,دورة,,translated,,ar_001_cycle_hint_label,t
2234388,other,,ar_001,,Intl.,دولي,,translated,,ar_001_intl_label,t
2234389,other,,ar_001,,Need Your Location,بحاجة إلى موقعك,,translated,,ar_001_need_your_location_label,t
2234457,other,,ar_001,,(Vat included),(شامل ضريبة القيمة المضافة),,translated,,ar_001_vat_included_brackets_label,t
2234458,other,,ar_001,,Successfully Done,تمت العملية بنجاح,,translated,,ar_001_successfully_done_label,t
2234459,other,,ar_001,,Request for Order,تقديم طلب,,translated,,ar_001_request_order_label,t
2234460,other,,ar_001,,Select the type of request and enter the amount,حدد نوع الطلب وأدخل المبلغ,,translated,,ar_001_select_type_request_and_enter_amount_label,t
2234461,other,,ar_001,,Amount (OMR),المبلغ (ريال عماني),,translated,,ar_001_amount_omr_label,t
2234462,other,,ar_001,,E-topup,شحن إلكتروني,,translated,,ar_001_e_top_up_label,t
2234463,other,,ar_001,,E-voucher,قسيمة إلكترونية,,translated,,ar_001_e_voucher_label,t
2234464,other,,ar_001,,E-voucher request,طلب قسيمة إلكترونية,,translated,,ar_001_e_voucher_request_label,t
2234472,other,,ar_001,,Voucher ready to print,القسيمة جاهزة للطباعة,,translated,,ar_001_voucher_ready_to_print_label,t
2234473,other,,ar_001,,Inbox is empty,البريد الوارد فارغ,,translated,,ar_001_inbox_empty_label,t
2234474,other,,ar_001,,Download,تحميل,,translated,,ar_001_download_label,t
2234475,other,,ar_001,,Share by email,مشاركة عبر البريد الإلكتروني,,translated,,ar_001_share_by_email_label,t
2234476,other,,ar_001,,Reprint,اعادة الطباعة,,translated,,ar_001_reprint_label,t
2234477,other,,ar_001,,Voucher Code,رمز القسيمة,,translated,,ar_001_voucher_code_label,t
2234478,other,,ar_001,,Plan Name,اسم الباقة,,translated,,ar_001_plan_name_label,t
2234479,other,,ar_001,,Printer not connected,الطابعة غير متصلة,,translated,,ar_001_printer_not_connected_label,t
2234480,other,,ar_001,,Plan will give you,ستمنحك الباقة,,translated,,ar_001_plan_will_give_you_label,t
2234481,other,,ar_001,,Continue,استمر,,translated,,ar_001_continue_label,t
2234482,other,,ar_001,,Fibrenet Is Available In Your Location. Click Below To Continue,الفايبرنت متوفر في موقعك. انقر أدناه للاستمرار,,translated,,ar_001_fibrenet_is_available_title_label,t
2234483,other,,ar_001,,Select access technology,حدد تقنية الوصول,,translated,,ar_001_select_technology_label,t
2234484,other,,ar_001,,Fibrenet Is Unavailable In Your Location. But You Can Choose Fixed 4/5G Or Pre-Order The Service,فايبرنت غير متوفر في موقعك. ولكن يمكنك اختيار 4 / 5G الثابتة أو طلب الخدمة مسبقًا,,translated,,ar_001_fibrenet_is_unavailable_title_label,t
2234485,other,,ar_001,,Select FDN number,حدد رقم FDN,,translated,,ar_001_select_fdn_number_label,t
2234486,other,,ar_001,,SIM Number,رقم بطاقة الشريحة,,translated,,ar_001_sim_number_label,t
2234487,other,,ar_001,,CPE IMEI,رقم الجهاز التسلسلي,,translated,,ar_001_cpe_imei_label,t
2234488,other,,ar_001,,User ID,رقم المستخدم,,translated,,ar_001_user_id_label,t
2234489,other,,ar_001,,"Welcome,",مرحبا،,,translated,,ar_001_welcome_home_dashboard_label,t
2234490,other,,ar_001,,Added,تمت الإضافة,,translated,,ar_001_added_label,t
2234491,other,,ar_001,,Sales Dashboard,لوحة المبيعات,,translated,,ar_001_sales_dashboard_label,t
2234516,other,,ar_001,,Recur Every,يتكرر كل,,translated,,ar_001_recur_every_label,t
2234585,other,,ar_001,,Vat included ,شامل ضريبة القيمة المضافة,,translated,,ar_001_vat_included_label,t
2234586,other,,ar_001,,Select number,اختر رقم,,translated,,ar_001_select_number_label,t
2234587,other,,ar_001,,Your request has been submitted,لقد تم تقديم طلبك,,translated,,ar_001_your_request_has_been_submitted_label,t
2234588,other,,ar_001,,New ICCID,ICCID الجديد,,translated,,ar_001_new_iccid_label,t
2234589,other,,ar_001,,Old SIM,بطاقة SIM قديمة,,translated,,ar_001_old_sim_label,t
2234590,other,,ar_001,,Is PKI SIM ,هل PKI SIM,,translated,,ar_001_is_pki_sim_label,t
2234591,other,,ar_001,,Is SIM cost paid,هل تم دفع تكلفة الشريحة؟,,translated,,ar_001_is_sim_cost_paid_label,t
2234592,other,,ar_001,,SIM replacement fulfilment,استكمال استبدال بطاقة SIM,,translated,,ar_001_sim_replacement_fulfilment_title_label,t
2234593,other,,ar_001,,Services,خدمات,,translated,,ar_001_services_label,t
2234594,other,,ar_001,,Document type,نوع المستند,,translated,,ar_001_document_type_label,t
2234595,other,,ar_001,,Paid,مدفوع,,translated,,ar_001_paid_label,t
2234596,other,,ar_001,,Unpaid,غير مدفوع الأجر,,translated,,ar_001_unpaid_label,t
2234597,other,,ar_001,,Flexi Mins,دقائق مرنة,,translated,,ar_001_flexi_mins_label,t
2234598,other,,ar_001,,Cross Mins,كروس مينس,,translated,,ar_001_cross_mins_label,t
2234599,other,,ar_001,,Data,بيانات,,translated,,ar_001_data_label,t
2234600,other,,ar_001,,Subscription details,تفاصيل الاشتراك,,translated,,ar_001_subscription_details_label,t
2234601,other,,ar_001,,Credit class,فئة الائتمان,,translated,,ar_001_credit_class_label,t
2234602,other,,ar_001,,Weeks,أسابيع,,translated,,ar_001_weeks_label,t
2234603,other,,ar_001,,Salary range,نطاق الراتب,,translated,,ar_001_salary_range_label,t
2234604,other,,ar_001,,Customize plan,تخصيص الخطة,,translated,,ar_001_customize_plan_label,t
2234605,other,,ar_001,,Service location,موقع الخدمة,,translated,,ar_001_service_location_label,t
2234606,other,,ar_001,,Search location,موقع البحث,,translated,,ar_001_search_location_label,t
2234607,other,,ar_001,,Street name,اسم الشارع,,translated,,ar_001_street_name_label,t
2234608,other,,ar_001,,FTTH Plan,خطة FTTH,,translated,,ar_001_ftth_plan_label,t
2234609,other,,ar_001,,FDN number,رقم FDN,,translated,,ar_001_fdn_number_label,t
2234610,other,,ar_001,,Increase customer credit limit,زيادة حد الائتمان للعميل,,translated,,ar_001_increase_customer_credit_limit_label,t
2234611,other,,ar_001,,Important:,مهم:,,translated,,ar_001_important_label,t
2234612,other,,ar_001,,Items,أغراض,,translated,,ar_001_items_label,t
2234613,other,,ar_001,,Id copy,نسخة الهوية,,translated,,ar_001_id_copy_label,t
2234614,other,,ar_001,,CPE,شهادة التعليم المستمر,,translated,,ar_001_cpe_label,t
2234615,other,,ar_001,,IMEI,رقم IMEI,,translated,,ar_001_imei_label,t
2234616,other,,ar_001,,Access technology,تكنولوجيا الوصول,,translated,,ar_001_access_technology_label,t
2234617,other,,ar_001,,Custom Plan,خطة مخصصة,,translated,,ar_001_custom_plan_label,t
2234618,other,,ar_001,,One time,مرة واحدة,,translated,,ar_001_one_time_label,t
2234619,other,,ar_001,,Auto renewal,تجديد تلقائي,,translated,,ar_001_auto_renewal_label,t
2234620,other,,ar_001,,MIN,مين,,translated,,ar_001_min_label,t
2234621,other,,ar_001,,MB,ميجا بايت,,translated,,ar_001_mb_label,t
2234622,other,,ar_001,,All add-ons,جميع الخدمات الاضافية,,translated,,ar_001_all_addons_label,t
2234623,other,,ar_001,,Deselect,إلغاء التحديد,,translated,,ar_001_deselect_button_label,t
2234624,other,,ar_001,,Installment amount (OMR),مبلغ القسط (ريال عماني),,translated,,ar_001_installment_amount_label,t
2234625,other,,ar_001,,Vanity amount (OMR),مبلغ الغرور (ريال عماني),,translated,,ar_001_vanity_omr_label,t
2234626,other,,ar_001,,Deposit amount (OMR),مبلغ الإيداع (ريال عماني),,translated,,ar_001_deposit_omr_label,t
2234627,other,,ar_001,,Due amount with 5% VAT,المبلغ المستحق مع ضريبة القيمة المضافة 5٪,,translated,,ar_001_due_vat_label,t
2234628,other,,ar_001,,Billing address,عنوان الفاتورة,,translated,,ar_001_billing_address_label,t
2234629,other,,ar_001,,City,مدينة,,translated,,ar_001_city_label,t
2234630,other,,ar_001,,P O BOX,صندوق بريد,,translated,,ar_001_pobox_label,t
2234631,other,,ar_001,,PC code,كود الكمبيوتر,,translated,,ar_001_pc_code_label,t
2234632,other,,ar_001,,Physical address,العنوان الفعلي,,translated,,ar_001_physical_address_label,t
2234633,other,,ar_001,,walleye,سمك الوولاي,,translated,,ar_001_walleye_label,t
2234634,other,,ar_001,,region,منطقة,,translated,,ar_001_region_new_label,t
2234635,other,,ar_001,,Locality,الموقع,,translated,,ar_001_locality_label,t
2234636,other,,ar_001,,way number,رقم الطريق,,translated,,ar_001_way_number_label,t
2234637,other,,ar_001,,House/flat number,رقم المنزل/الشقة,,translated,,ar_001_house_number_label,t
2234638,other,,ar_001,,Land mark,معلم أرضي,,translated,,ar_001_land_mark_label,t
2234639,other,,ar_001,,New address,عنوان جديد,,translated,,ar_001_new_address_label,t
2234640,other,,ar_001,,Phone number,رقم التليفون,,translated,,ar_001_phone_label,t
2234641,other,,ar_001,,Email,بريد إلكتروني,,translated,,ar_001_email_label,t
2234642,other,,ar_001,,Is billing Email,هل يتم إرسال الفاتورة عبر البريد الإلكتروني؟,,translated,,ar_001_is_billing_email_label,t
2234643,other,,ar_001,,Contact,اتصال,,translated,,ar_001_contact_label,t
2234644,other,,ar_001,,Subscription agreement,اتفاقية الاشتراك,,translated,,ar_001_subscription_agreement_label,t
2234645,other,,ar_001,,Add contact,إضافة جهة اتصال,,translated,,ar_001_add_contact_label,t
2234646,other,,ar_001,,Collateral type,نوع الضمان,,translated,,ar_001_collateral_type_label,t
2234647,other,,ar_001,,Show contract,عرض العقد,,translated,,ar_001_show_contract_label,t
2234648,other,,ar_001,,Upgrade/new connection,ترقية/اتصال جديد,,translated,,ar_001_upgrade_new_connection_label,t
2234649,other,,ar_001,,Buy a new connection,شراء اتصال جديد,,translated,,ar_001_buy_new_connection_label,t
2234650,other,,ar_001,,Change technology,تغيير التكنولوجيا,,translated,,ar_001_change_technology_label,t
2234651,other,,ar_001,,Extra bonus data,بيانات إضافية إضافية,,translated,,ar_001_extra_bonus_label,t
2234652,other,,ar_001,,Internet roaming ,تجوال الإنترنت,,translated,,ar_001_internet_roaming_label,t
2234653,other,,ar_001,,Voice local,صوت محلي,,translated,,ar_001_voice_local_label,t
2234654,other,,ar_001,,Tag,وسم,,translated,,ar_001_tag_label,t
2234655,other,,ar_001,,Postpaid fulfilment,استيفاء الدفع اللاحق,,translated,,ar_001_postpaid_fulfillment_label,t
2234656,other,,ar_001,,Port In number,رقم المنفذ,,translated,,ar_001_port_in_number_label,t
2234657,other,,ar_001,,Current charging type,نوع الشحن الحالي,,translated,,ar_001_current_charging_label,t
2234658,other,,ar_001,,Select MSISDN,اختر رقم,,translated,,ar_001_select_msisdn_label,t
2234659,other,,ar_001,,Renewal,تجديد,,translated,,ar_001_renewal_label,t
2234660,other,,ar_001,,Traceable,قابلة للتتبع,,translated,,ar_001_tracable_label,t
2234661,other,,ar_001,,Additional remarks,ملاحظات إضافية,,translated,,ar_001_additional_remark_label,t
2234662,other,,ar_001,,Contract,عقد,,translated,,ar_001_contract_label,t
2234663,other,,ar_001,,Total (OMR),الإجمالي (ريال عماني),,translated,,ar_001_total_omr_label,t
2234664,other,,ar_001,,* Capture bank statement from the last 3 months that reflects customer’s monthly income,* الحصول على كشف حساب بنكي للأشهر الثلاثة الماضية يعكس الدخل الشهري للعميل,,translated,,ar_001_important_first_statement_label,t
2234665,other,,ar_001,,* Name in the bank statement should match ID,يجب أن يتطابق الاسم في البيان المصرفي مع المعرف,,translated,,ar_001_important_second_statement_label,t
2234666,other,,ar_001,,Pay monthly,الدفع شهريا,,translated,,ar_001_pay_monthly_label,t
2234667,other,,ar_001,,Vanity level,مستوى الغرور,,translated,,ar_001_vanity_level_label,t
2234668,other,,ar_001,,Refill MSISDN,إعادة تعبئة MSISDN,,translated,,ar_001_refill_msisdn_label,t
2234669,other,,ar_001,,Device info,معلومات الجهاز,,translated,,ar_001_device_info_label,t
2234670,other,,ar_001,,Device ID,معرف الجهاز,,translated,,ar_001_device_id_label,t
2234671,other,,ar_001,,Android version,نسخة أندرويد,,translated,,ar_001_android_version_label,t
2234672,other,,ar_001,,Device model,طراز الجهاز,,translated,,ar_001_device_model_label,t
2234673,other,,ar_001,,Register device,تسجيل الجهاز,,translated,,ar_001_register_device_label,t
2234674,other,,ar_001,,Imei,إيمي,,translated,,ar_001_imei_device_registration_label,t
2234675,other,,ar_001,,Activate device,تفعيل الجهاز,,translated,,ar_001_activate_device_label,t
2234676,other,,ar_001,,Unknown,مجهول,,translated,,ar_001_unknown_label,t
2234677,other,,ar_001,,Prepaid PortIn fulfilment,منفذ الدفع المسبق في التنفيذ,,translated,,ar_001_prepaid_port_fulfillment_label,t
2234678,other,,ar_001,,Postpaid PortIn fulfilment,منفذ الدفع الآجل,,translated,,ar_001_postpaid_port_fulfillment_label,t
2234679,other,,ar_001,,E-Wallet,المحفظة الإلكترونية,,translated,,ar_001_e_wallet_label,t
2234680,other,,ar_001,,Total due amount,إجمالي المبلغ المستحق,,translated,,ar_001_total_due_amount_label,t
2234681,other,,ar_001,,Recharge details,تفاصيل إعادة الشحن,,translated,,ar_001_recharge_details_label,t
2234682,other,,ar_001,,Dealer account,حساب التاجر,,translated,,ar_001_dealer_account_label,t
2234683,other,,ar_001,,Recharge,إعادة الشحن,,translated,,ar_001_recharge_label,t
2234684,other,,ar_001,,Recharge amount,مبلغ إعادة الشحن,,translated,,ar_001_recharge_wallet_label,t
2234685,other,,ar_001,,Dealer recharge,إعادة شحن التاجر,,translated,,ar_001_dealer_recharge_label,t
2234686,other,,ar_001,,Customer recharge,إعادة شحن العميل,,translated,,ar_001_customer_recharge_label,t
2234687,other,,ar_001,,Resubmit,إعادة الإرسال,,translated,,ar_001_resubmit_label,t
2234688,other,,ar_001,,Resubmit Success,إعادة الإرسال ناجحة,,translated,,ar_001_resubmit_success_label,t
2234689,other,,ar_001,,Select bundle,اختر الحزمة,,translated,,ar_001_select_a_bundle_label,t
2234690,other,,ar_001,,Prepaid Resubmit,إعادة الإرسال المدفوعة مسبقًا,,translated,,ar_001_prepaid_resubmit_label,t
2234691,other,,ar_001,,Postpaid Resubmit,إعادة إرسال الدفع الآجل,,translated,,ar_001_postpaid_resubmit_label,t
2234692,other,,ar_001,,Ooredoo recharge card,بطاقة شحن أوريدو,,translated,,ar_001_ooredoo_recharge_card_label,t
2234693,other,,ar_001,,E-reload wallet,محفظة إعادة الشحن الإلكترونية,,translated,,ar_001_e_reload_wallet_label,t
2234694,other,,ar_001,,Fulfilment,الإنجاز,,translated,,ar_001_fulfillment_label,t
2234695,other,,ar_001,,HBB,إتش بي بي,,translated,,ar_001_hbb_label,t
2234696,other,,ar_001,,Forget password,نسيت كلمة المرور,,translated,,ar_001_forget_password_title_label,t
2234697,other,,ar_001,,Enter your user name,أدخل اسم المستخدم الخاص بك,,translated,,ar_001_enter_your_user_name_label,t
2234698,other,,ar_001,,New password,كلمة المرور الجديدة,,translated,,ar_001_new_password_label,t
2234699,other,,ar_001,,Enter new password,أدخل كلمة المرور الجديدة,,translated,,ar_001_enter_new_password_text_field,t
2234700,other,,ar_001,,Confirm new password,تأكيد كلمة المرور الجديدة,,translated,,ar_001_confirm_new_password_text_field,t
2234813,other,,ar_001,,Device registration,تسجيل الجهاز,,translated,,ar_001_device_registration_label,t
2234814,other,,ar_001,,Recharge amount,مبلغ إعادة الشحن,,translated,,ar_001_recharge_amount_text_field,t
2233999,other,,ar_001,,Try Again,حاول مرة أخرى,,translated,,ar_001_signature_try_again_button,t
2234000,other,,ar_001,,Signature,التوقيع,,translated,,ar_001_signature_ signature_title_label,t
2234001,other,,ar_001,,Take A Photo,التقاط صورة,,translated,,ar_001_aert_take_a_photo_button,t
2234002,other,,ar_001,,Choose From Library,اختيار من الجهاز,,translated,,ar_001_alert_choose_from_library_button,t
2234003,other,,ar_001,,Cancel,إلغاء,,translated,,ar_001_alert_cancel_button,t
2234004,other,,ar_001,,Will Receive A Confirmation Email,سوف تتلقى رسالة تأكيد عبر البريد الإلكتروني,,translated,,ar_001_alert_will_receive_a_confirmation_email_body_label,t
2234005,other,,ar_001,,Ordering,الطلب,,translated,,ar_001_sheet_ordering_button,t
2234006,other,,ar_001,,Bill Payment,دفع الفواتير,,translated,,ar_001_sheet_bill_payment_button,t
2234007,other,,ar_001,,Commission Reports,تقارير العمولة,,translated,,ar_001_sheet_commission_reports_button,t
2234008,other,,ar_001,,Manage Subscription,إدارة الاشتراك,,translated,,ar_001_sheet_manage_subscription_button,t
2234009,other,,ar_001,,Settings,الاعدادات,,translated,,ar_001_sheet_settings_button,t
2234010,other,,ar_001,,Logout,تسجيل الخروج,,translated,,ar_001_sheet_logout_button,t
2234011,other,,ar_001,,Settings,الاعدادات,,translated,,ar_001_settings_settings_title_label,t
2234012,other,,ar_001,,Language,اللغة,,translated,,ar_001_settings_language_picker,t
2234013,other,,ar_001,,Allow Touch ID,السماح باستخدام بصمة اليد,,translated,,ar_001_settings_allow_touch_id_switch,t
2234014,other,,ar_001,,Allow Face ID,السماح باستخدام بصمة الوجه,,translated,,ar_001_settings_allow_face_id_switch,t
2234015,other,,ar_001,,Version,الإصدار,,translated,,ar_001_settings_version_label,t
2234016,other,,ar_001,,Build Number,رقم البناء,,translated,,ar_001_settings_build number_label,t
2234017,other,,ar_001,,"Are You Sure You Want
 To Quit ?",هل أنت متأكد من أنك تريد الخروج ؟,,translated,,ar_001_alert_quit_title_label,t
2234018,other,,ar_001,,Customer Subscriptions,اشتراكات العملاء,,translated,,ar_001_customer_subscriptions_title_label,t
2234019,other,,ar_001,,Plan,الباقه,,translated,,ar_001_customer_subscriptions_plan_label,t
2234020,other,,ar_001,,Addons,الخدمات الاضافية,,translated,,ar_001_customer_subscriptions_addons_label,t
2234021,other,,ar_001,,Discover Addons,اكتشف الخدمات الاضافية,,translated,,ar_001_customer_discover_addons_button,t
2234022,other,,ar_001,,Select Addons,اختر الخدمات الاضافية,,translated,,ar_001_select_addons_title_label,t
2234023,other,,ar_001,,"Choose Addons For Your Fibernet
 Plan",اختر الإضافات لباقة الفايبر الخاصة بك,,translated,,ar_001_select_addons_choose_addons_label,t
2234024,other,,ar_001,,Add,أضف,,translated,,ar_001_select_addons_add_button,t
2234025,other,,ar_001,,Next,التالي,,translated,,ar_001_select_addons_next_button,t
2234026,other,,ar_001,,Plan Upgrade,ترقية الباقه,,translated,,ar_001_alert_plan_upgrade_title_label,t
2234027,other,,ar_001,,Are You Sure Upgrade This Plan,هل أنت متأكد من ترقية هذه الباقه؟,,translated,,ar_001_alert_are_you_sure_upgrade_this_plan_title_label,t
2234028,other,,ar_001,,Plan Upgraded,تمت ترقية الباقة,,translated,,ar_001_alert_plan_upgraded_title_label,t
2234029,other,,ar_001,,Plan Upgraded Successfully,تمت ترقية الباقة بنجاح,,translated,,ar_001_alert_plan_upgraded_successfully_body_label,t
2234030,other,,ar_001,,ID Scanning,مسح الهوية,,translated,,ar_001_id_scanning_title_label,t
2234031,other,,ar_001,,Skip,تخطي,,translated,,ar_001_id_scanning_skip_button,t
2234032,other,,ar_001,,Scan ID,مسح الهوية,,translated,,ar_001_id_scanning_scan_id_button,t
2234033,other,,ar_001,,Search Subscription,البحث عن اشتراك,,translated,,ar_001_search_subscription_title_label,t
2234034,other,,ar_001,,"Please enter customer ID
 or You can scan it",الرجاء إدخال معرف العميل أو يمكنك مسحه ضوئيًا,,translated,,ar_001_search_subscription_please_enter_customer_id_label,t
2234035,other,,ar_001,,ID Type,نوع الهوية,,translated,,ar_001_search_subscription_id_type_picker,t
2234036,other,,ar_001,,ID Number,رقم الهوية,,translated,,ar_001_search_subscription_id_number_text_field,t
2234037,other,,ar_001,,Search,بحث,,translated,,ar_001_search_subscription_search_button,t
2234038,other,,ar_001,,ID Scan,مسح الهوية,,translated,,ar_001_search_subscription_id_scan_button,t
2234039,other,,ar_001,,Customer Details,معلومات العميل,,translated,,ar_001_customer_details_title_label,t
2234040,other,,ar_001,,Enter Customer Details,ادخل معلومات العميل,,translated,,ar_001_customer_details_enter_customer_details_label,t
2234041,other,,ar_001,,ID Type,نوع الهوية,,translated,,ar_001_customer_details_id_type_picker,t
2234042,other,,ar_001,,ID Number,رقم الهوية,,translated,,ar_001_customer_details_id_number_text_field,t
2234043,other,,ar_001,,Expiry Date *,* تاريخ الانتهاء,,translated,,ar_001_customer_details_expiry_date_text_field,t
2234044,other,,ar_001,,Personal Information,معلومات شخصية,,translated,,ar_001_customer_details_personal_information_label,t
2234045,other,,ar_001,,Title *,* اللقب,,translated,,ar_001_customer_details_title_picker,t
2234046,other,,ar_001,,First Name *,* الاسم الاول,,translated,,ar_001_customer_details_first_name_text_field,t
2234047,other,,ar_001,,Middle Name,الاسم الاوسط,,translated,,ar_001_customer_details_middle_name_text_field,t
2234996,other,,ar_001,,B2B Postpaid Activation,تفعيل الدفع الآجل B2B,,translated,,ar_001_b2b_postpaid_activation_label,t
2234997,other,,ar_001,,Credit transfer,تحويل الرصيد,,translated,,ar_001_credit_transfer_label,t
2235003,other,,ar_001,,Press the button below to select the recipient.,اضغط على الزر أدناه لتحديد المستلم.,,translated,,ar_001_press_the_button_below_to_select_the_recipient,t
2234815,other,,ar_001,,Bundle subscription,اشتراك الحزمة,,translated,,ar_001_bundle_subscription_label,t
2234816,other,,ar_001,,Other Information,معلومات أخرى,,translated,,ar_001_other_information_label,t
2234817,other,,ar_001,,Please show contract,يرجى إظهار العقد,,translated,,ar_001_please_show_contract_label,t
2234818,other,,ar_001,,"Please accept the Terms and Conditions, fill the signature, address, and contact info",يرجى قبول الشروط والأحكام، وملء التوقيع والعنوان ومعلومات الاتصال,,translated,,ar_001_please_fill_signature_address_contact,t
2234819,other,,ar_001,,Postpaid Portin In,Portin مدفوع لاحقاً,,translated,,ar_001_postpaid_port_in_label,t
2234820,other,,ar_001,,Please choose payment method,الرجاء اختيار طريقة الدفع,,translated,,ar_001_alert_choose_payment_method,t
2234821,other,,ar_001,,QR code,رمز الاستجابة السريعة,,translated,,ar_001_qr_code_label,t
2234822,other,,ar_001,,SAD Documents,وثائق SAD,,translated,,ar_001_sad_documents_label,t
2234823,other,,ar_001,,Please fill sad document,يرجى ملء الوثيقة الحزينة,,translated,,ar_001_sad_documents_error_label,t
2234824,other,,ar_001,,Please select plan,الرجاء تحديد الخطة,,translated,,ar_001_select_plan_error_label,t
2234825,other,,ar_001,,Please select donor,الرجاء تحديد المتبرع,,translated,,ar_001_select_donor_error_label,t
2234826,other,,ar_001,,Please enter port in number,الرجاء إدخال رقم المنفذ,,translated,,ar_001_select_port_in_error_label,t
2234827,other,,ar_001,,Please select replacement reason,الرجاء تحديد سبب الاستبدال,,translated,,ar_001_select_replacement_reason_error_label,t
2234828,other,,ar_001,,5G plans,خطط 5G,,translated,,ar_001_four_g_plans_label,t
2234829,other,,ar_001,,4G plans,خطط 4G,,translated,,ar_001_five_g_plans_label,t
2234830,other,,ar_001,,Update Now,التحديث الآن,,translated,,ar_001_update_now_label,t
2234831,other,,ar_001,,Update the App,تحديث التطبيق,,translated,,ar_001_update_the_app_label,t
2234832,other,,ar_001,,Available items,العناصر المتوفرة,,translated,,ar_001_available_items_label,t
2234833,other,,ar_001,,Please fill billing address,الرجاء ملء عنوان الفاتورة,,translated,,ar_001_please_fill_billing_address_label,t
2234834,other,,ar_001,,Please enter ID expiry date,الرجاء إدخال تاريخ انتهاء صلاحية الهوية,,translated,,ar_001_alert_enter_id_expiry_date,t
2234835,other,,ar_001,,Please choose the title,الرجاء اختيار العنوان,,translated,,ar_001_alert_choose_title,t
2234836,other,,ar_001,,Please choose the gender,الرجاء اختيار الجنس,,translated,,ar_001_alert_choose_gender,t
2234837,other,,ar_001,,Please choose the nationality,الرجاء اختيار الجنسية,,translated,,ar_001_alert_choose_nationality,t
2234838,other,,ar_001,,Please enter the date of birth,الرجاء إدخال تاريخ الميلاد,,translated,,ar_001_alert_enter_date_of_birth,t
2234839,other,,ar_001,,Please choose the customer language,الرجاء اختيار لغة العميل,,translated,,ar_001_alert_choose_customer_language,t
2234840,other,,ar_001,,Please enter the electricity account number,الرجاء إدخال رقم حساب الكهرباء,,translated,,ar_001_alert_enter_electricity_account_number,t
2234841,other,,ar_001,,Please enter the name,الرجاء إدخال الاسم,,translated,,ar_001_alert_enter_the_name,t
2234842,other,,ar_001,,Please add a front document,الرجاء إضافة مستند أمامي,,translated,,ar_001_alert_add_front_document,t
2234843,other,,ar_001,,Please add a back document,الرجاء إضافة مستند خلفي,,translated,,ar_001_alert_add_back_document,t
2234844,other,,ar_001,,Please add a sim code,الرجاء إضافة رمز الشريحة,,translated,,ar_001_alert_add_sim_code,t
2234845,other,,ar_001,,Please add a number details,يرجى إضافة تفاصيل الرقم,,translated,,ar_001_alert_add_number_details,t
2234846,other,,ar_001,,Please enter a voucher code,الرجاء إدخال رمز القسيمة,,translated,,ar_001_alert_enter_voucher_code,t
2234847,other,,ar_001,,Please enter recharge amount,الرجاء إدخال مبلغ إعادة الشحن,,translated,,ar_001_alert_enter_recharge_amount,t
2234848,other,,ar_001,,Please add address,الرجاء إضافة العنوان,,translated,,ar_001_alert_add_address,t
2234849,other,,ar_001,,Please add contact,الرجاء إضافة جهة اتصال,,translated,,ar_001_alert_add_contact,t
2234850,other,,ar_001,,Please choose access technology,الرجاء اختيار تكنولوجيا الوصول,,translated,,ar_001_alert_access_technology,t
2234851,other,,ar_001,,Please enter the username,الرجاء إدخال اسم المستخدم,,translated,,ar_001_alert_enter_username,t
2234852,other,,ar_001,,Please enter the password,الرجاء إدخال كلمة المرور,,translated,,ar_001_alert_enter_password,t
2234853,other,,ar_001,,Please enter refill MSISDN,الرجاء إدخال إعادة تعبئة MSISDN,,translated,,ar_001_alert_enter_refill_msisdn,t
2234854,other,,ar_001,,Unread,غير مقروء,,translated,,ar_001_unread_label,t
2234855,other,,ar_001,,GCC ID,معرف مجلس التعاون الخليجي,,translated,,ar_001_gcc_id_label,t
2234856,other,,ar_001,,Omani ID,الهوية العمانية,,translated,,ar_001_omani_id_label,t
2234857,other,,ar_001,,Invalid location,موقع غير صالح,,translated,,ar_001_invalid_location_label,t
2234858,other,,ar_001,,SIM price,سعر الشريحة,,translated,,ar_001_sim_price_text_field,t
2234859,other,,ar_001,,( Don't have Stocks ),(لا أملك أسهم),,translated,,ar_001_dont_have_stocks_label,t
2234860,other,,ar_001,,Visit title,عنوان الزيارة,,translated,,ar_001_visit_title_label,t
2234861,other,,ar_001,,Delete,يمسح,,translated,,ar_001_delete_label,t
2234862,other,,ar_001,,press the button below to add channel members ,اضغط على الزر أدناه لإضافة أعضاء القناة,,translated,,ar_001_channel_member_add_label,t
2234863,other,,ar_001,,Add channel members,إضافة أعضاء القناة,,translated,,ar_001_channel_member_add_btn_label,t
2234864,other,,ar_001,,Visit planning,تخطيط الزيارة,,translated,,ar_001_visit_planning_label,t
2234865,other,,ar_001,,Survey type,نوع المسح,,translated,,ar_001_survey_type_label,t
2234866,other,,ar_001,,Search by name or code,البحث حسب الاسم أو الرمز,,translated,,ar_001_search_by_name_label,t
2234867,other,,ar_001,,Selected Channel members,أعضاء القناة المختارين,,translated,,ar_001_selected_channel_member_label,t
2234868,other,,ar_001,,Channel type,نوع القناة,,translated,,ar_001_channel_type_text_filed,t
2234869,other,,ar_001,,Visit Type,نوع الزيارة,,translated,,ar_001_visit_type_text_field,t
2234870,other,,ar_001,,Visit details ,تفاصيل الزيارة,,translated,,ar_001_visit_details_label,t
2234871,other,,ar_001,,Create new visit,إنشاء زيارة جديدة,,translated,,ar_001_create_new_visit_label,t
2234872,other,,ar_001,,Channel member info ,معلومات أعضاء القناة,,translated,,ar_001_channel_member_info_label,t
2234873,other,,ar_001,,Does not repeat,لا يتكرر,,translated,,ar_001_does_not_repeat_text_field,t
2234874,other,,ar_001,,Channel member performance ,أداء أعضاء القناة,,translated,,ar_001_channel_member_performance_label,t
2234875,other,,ar_001,,Recurrence,تكرار,,translated,,ar_001_recurrence_text_field,t
2234876,other,,ar_001,,Show details,إظهار التفاصيل,,translated,,ar_001_show_details_label,t
2234877,other,,ar_001,,Survey title,عنوان الاستطلاع,,translated,,ar_001_survey_title_label,t
2234878,other,,ar_001,,Scheduled Date,التاريخ المقرر,,translated,,ar_001_scheduled_date_label,t
2234879,other,,ar_001,,Next Dealer to be visit,التاجر التالي الذي سيتم زيارته,,translated,,ar_001_next_dealer_visit_label,t
2234880,other,,ar_001,,From,من,,translated,,ar_001_from_label,t
2234881,other,,ar_001,,to,ل,,translated,,ar_001_to_label,t
2234882,other,,ar_001,,Visit,يزور,,translated,,ar_001_visit_label,t
2234883,other,,ar_001,,Draft,مسودة,,translated,,ar_001_draft_label,t
2234884,other,,ar_001,,Active,نشيط,,translated,,ar_001_active_label,t
2234885,other,,ar_001,,Deselect,إلغاء التحديد,,translated,,ar_001_deselect_label,t
2234886,other,,ar_001,,No Plans,لا توجد خطط,,translated,,ar_001_no_plans_label,t
2234887,other,,ar_001,,Root visits in order,زيارات الجذر بالترتيب,,translated,,ar_001_root_visits_in_order_label,t
2234888,other,,ar_001,,Show,يعرض,,translated,,ar_001_show_label,t
2234889,other,,ar_001,,Add new result,إضافة نتيجة جديدة,,translated,,ar_001_add_new_result_label,t
2234890,other,,ar_001,,SEC,هيئة الأوراق المالية والبورصات,,translated,,ar_001_sec_label,t
2234891,other,,ar_001,,Remaining time,الوقت المتبقي,,translated,,ar_001_remaining_time_label,t
2234892,other,,ar_001,,Permission denied,تم رفض الإذن,,translated,,ar_001_permission_denied_label,t
2234893,other,,ar_001,,Start survey,ابدأ الاستطلاع,,translated,,ar_001_start_survey_label,t
2234894,other,,ar_001,,Capture,,,translated,,ar_001_capture_label,t
2234895,other,,ar_001,,Are you sure you want to submit this survey?,هل أنت متأكد أنك تريد إرسال هذا الاستطلاع؟,,translated,,ar_001_are_sure_submit_survey_label,t
2234896,other,,ar_001,,Submit the survey,إرسال الاستبيان,,translated,,ar_001_submit_survey_label,t
2234897,other,,ar_001,,Back,خلف,,translated,,ar_001_back_button,t
2234898,other,,ar_001,,Survey completed!,تم الانتهاء من المسح!,,translated,,ar_001_survey_completed_title_label,t
2234899,other,,ar_001,,Download / Share,تنزيل / مشاركة,,translated,,ar_001_download_share_label,t
2234900,other,,ar_001,,The maximum value of the answer is,القيمة القصوى للإجابة هي,,translated,,ar_001_maximum_value_of_the_answer_is,t
2234901,other,,ar_001,,The minimum value of the answer is,الحد الأدنى لقيمة الإجابة هو,,translated,,ar_001_minimum_value_of_the_answer_is,t
2234902,other,,ar_001,,Dealer Overview,نظرة عامة على التاجر,,translated,,ar_001_dealer_overview_label,t
2234903,other,,ar_001,,See answers,انظر الإجابات,,translated,,ar_001_see_answers_label,t
2234904,other,,ar_001,,Update On,التحديث على,,translated,,ar_001_update_on_label,t
2234905,other,,ar_001,,Search Number,رقم البحث,,translated,,ar_001_search_number_label,t
2234906,other,,ar_001,,Sales KPIs,,,translated,,ar_001_sales_kpis_label,t
2234907,other,,ar_001,,Performance at glance,الأداء في لمحة,,translated,,ar_001_performance_glance_title,t
2234908,other,,ar_001,,Import document,استيراد المستند,,translated,,ar_001_import_documents_label,t
2234909,other,,ar_001,,Please choose a smaller file,الرجاء اختيار ملف أصغر,,translated,,ar_001_size_limit_warning_label,t
2234910,other,,ar_001,,File size exceeds the limit. Please choose a smaller file.,حجم الملف يتجاوز الحد المسموح به. يُرجى اختيار ملف أصغر.,,translated,,ar_001_file_size_exceeds_limit_label,t
2234911,other,,ar_001,,Sent,مرسل,,translated,,ar_001_sent_label,t
2234912,other,,ar_001,,Message content,محتوى الرسالة,,translated,,ar_001_message_content_label,t
2234913,other,,ar_001,,Voice note,ملاحظة صوتية,,translated,,ar_001_voice_note_label,t
2234914,other,,ar_001,,Recipient,متلقي,,translated,,ar_001_recipient_label,t
2234915,other,,ar_001,,Select All,حدد الكل,,translated,,ar_001_select_all_label,t
2234916,other,,ar_001,,View survey,عرض الاستطلاع,,translated,,ar_001_view_survey_label,t
2234917,other,,ar_001,,Send Broadcast,إرسال البث,,translated,,ar_001_send_broadcast_label,t
2234918,other,,ar_001,,Please add At least one result for each channel member,يرجى إضافة نتيجة واحدة على الأقل لكل عضو في القناة,,translated,,ar_001_please_add_at_least_one_result_for_each_member_label,t
2234919,other,,ar_001,,Result title,عنوان النتيجة,,translated,,ar_001_result_title_label,t
2234991,other,,ar_001,,Different plan,خطة مختلفة,,translated,,ar_001_different_plan_label,t
2234992,other,,ar_001,,Please Fill All fields,الرجاء ملء جميع الحقول,,translated,,ar_001_please_fill_all_fields_label,t
2234993,other,,ar_001,,Corporate information,معلومات الشركة,,translated,,ar_001_corporate_information_label,t
2234994,other,,ar_001,,CRN registration,تسجيل CRN,,translated,,ar_001_crn_registration_label,t
2234999,other,,ar_001,,Choose Channel member type,اختر نوع عضو القناة,,translated,,ar_001_choose_channel_member_type_label,t
2235000,other,,ar_001,,Amount per Channel member,المبلغ لكل عضو في القناة,,translated,,ar_001_amount_per_channel_member_label,t
2235184,other,,en_US,,Channel Member Hiring,Channel Member Hiring,,translated,,en_US_channel_member_hiring_title,t
2235185,other,,en_US,,Forgot Password ?,Forgot Password ?,,translated,,en_US_forget_password_title,t
2235186,other,,en_US,,Enter your User Name,Enter your User Name,,translated,,en_US_forget_password_user_name_label,t
2235187,other,,en_US,,User Name,User Name,,translated,,en_US_forget_password_user_name_text_field,t
2235188,other,,en_US,,Submit,Submit,,translated,,en_US_forget_password_submit_button,t
2235189,other,,en_US,,Enter verification code,Enter verification code,,translated,,en_US_otp_title,t
2235190,other,,en_US,,We sent you a verification code via SMS,We sent you a verification code via SMS,,translated,,en_US_otp_message_label,t
2235191,other,,en_US,,We sent you a verification code via SMS,We sent you a verification code via SMS,,translated,,en_US_otp_didnt_recieve_it_label,t
2235192,other,,en_US,,Click here,Click here,,translated,,en_US_otp_click_here_button,t
2235193,other,,en_US,,Create a new password,Create a new password,,translated,,en_US_create_new_password_title,t
2235194,other,,en_US,,Password,Password,,translated,,en_US_create_new_password_password_text_field,t
2235195,other,,en_US,,Confirm password,Confirm password,,translated,,en_US_create_new_password_confirm_password_text_field,t
2234956,other,,ar_001,,"Audio is still recording, please stop recording before message submit",لا يزال الصوت قيد التسجيل، يرجى إيقاف التسجيل قبل إرسال الرسالة,,translated,,ar_001_audio_still_recording_warning,t
2234957,other,,ar_001,,Cancel results,إلغاء النتائج,,translated,,ar_001_cancel_result_hint_label,t
2234958,other,,ar_001,,HBB fulfilment,إنجاز HBB,,translated,,ar_001_hbb_fulfilment_label,t
2234959,other,,ar_001,,Subscription Information,معلومات الاشتراك,,translated,,ar_001_subscription_info_label,t
2234960,other,,ar_001,,There is no assigned visit,لا يوجد زيارة محددة,,translated,,ar_001_there_is_no_assigned_visit_label,t
2234961,other,,ar_001,,Read more,اقرأ المزيد,,translated,,ar_001_read_more_key_label,t
2234962,other,,ar_001,,Read less,اقرأ أقل,,translated,,ar_001_read_less_key_label,t
2234963,other,,ar_001,,Attachments,المرفقات,,translated,,ar_001_attachments_title_label,t
2234964,other,,ar_001,,Press the button below to select the recipient for your message.,اضغط على الزر الموجود بالأسفل لتحديد المستلم لرسالتك.,,translated,,ar_001_press_below_to_select_recipient_for_message,t
2234965,other,,ar_001,,Wilayah,ولاية,,translated,,ar_001_Wilayah_label,t
2234966,other,,ar_001,,Capture image as evidence,التقاط الصورة كدليل,,translated,,ar_001_capture_image_as_evidence_label,t
2234967,other,,ar_001,,FDN,ف.د.ن,,translated,,ar_001_fdn_label,t
2234968,other,,ar_001,,Print Voucher,طباعة القسيمة,,translated,,ar_001_print_voucher_label,t
2234969,other,,ar_001,,Send by SMS,إرسال عبر الرسائل القصيرة,,translated,,ar_001_send_by_sms_label,t
2234970,other,,ar_001,,years,سنين,,translated,,ar_001_years_label,t
2234971,other,,ar_001,,Age is not allowed. The minimum age requirement is,العمر غير مسموح به. الحد الأدنى للعمر هو,,translated,,ar_001_age_is_not_allowed_label,t
2234972,other,,ar_001,,Last visit date,تاريخ الزيارة الأخيرة,,translated,,ar_001_last_visit_date_label,t
2234973,other,,ar_001,,Last visited by,آخر زيارة بواسطة,,translated,,ar_001_last_visited_by_label,t
2234974,other,,ar_001,,Balance OMR,الرصيد ريال عماني,,translated,,ar_001_balance_omr_label,t
2234975,other,,ar_001,,Your Wallet Accounts,حسابات محفظتك,,translated,,ar_001_your_wallet_accounts_label,t
2234976,other,,ar_001,,B2B Activities,أنشطة B2B,,translated,,ar_001_b2b_activities_label,t
2234977,other,,ar_001,,CRN Documents,وثائق CRN,,translated,,ar_001_crn_documents_label,t
2234978,other,,ar_001,,CRN number,رقم CRN,,translated,,ar_001_crn_number_label,t
2234979,other,,ar_001,,CRN expiry date,تاريخ انتهاء صلاحية CRN,,translated,,ar_001_crn_expiry_data_label,t
2234980,other,,ar_001,,Company name,اسم الشركة,,translated,,ar_001_company_name_label,t
2234981,other,,ar_001,,Company name AR,اسم الشركة AR,,translated,,ar_001_company_name_ar_label,t
2234982,other,,ar_001,,Corporate size,حجم الشركة,,translated,,ar_001_corporate_size_label,t
2234983,other,,ar_001,,Establish date,تاريخ التأسيس,,translated,,ar_001_establish_date_label,t
2234984,other,,ar_001,,Corporate segment,قطاع الشركات,,translated,,ar_001_corporate_segment_label,t
2234985,other,,ar_001,,Corporate class,الطبقة الشركاتية,,translated,,ar_001_corporate_class_label,t
2234986,other,,ar_001,,press the button below to add MSISDN,اضغط على الزر أدناه لإضافة MSISDN,,translated,,ar_001_press_to_add_msisdn_label,t
2234987,other,,ar_001,,Update CRN,تحديث CRN,,translated,,ar_001_update_crn_label,t
2234988,other,,ar_001,,Add MSISDN,إضافة MSISDN,,translated,,ar_001_add_msisdn_label,t
2234989,other,,ar_001,,Enter CRN expiry date,أدخل تاريخ انتهاء صلاحية CRN,,translated,,ar_001_enter_crn_expiry_date_label,t
2234990,other,,ar_001,,Common plan,خطة مشتركة,,translated,,ar_001_common_plan_label,t
2234995,other,,ar_001,,B2B Prepaid Activation,تفعيل الدفع المسبق B2B,,translated,,ar_001_b2b_prepaid_activation_label,t
2234998,other,,ar_001,,Choose Wallet,اختر المحفظة,,translated,,ar_001_choose_wallet_label,t
2235004,other,,ar_001,,Please add Salary Range document,الرجاء إضافة مستند نطاق الراتب,,translated,,ar_001_alert_salary_range_document_label,t
2235005,other,,ar_001,,Please select Salary Range,الرجاء تحديد نطاق الراتب,,translated,,ar_001_alert_salary_range_label,t
2235083,other,,ar_001,,Additional contact number is not valid,رقم الاتصال الإضافي غير صالح,,translated,,ar_001_message_additional_mobile_number_validated,t
2235084,other,,ar_001,,Additional contact number,رقم اتصال إضافي,,translated,,ar_001_additional_contact_number_text_field,t
2235085,other,,ar_001,,"Appointment Date , Time",تاريخ الموعد والوقت,,translated,,ar_001_appointment_date_time_text_field,t
2235086,other,,ar_001,,Location Details,تفاصيل الموقع,,translated,,ar_001_location_details_label,t
2235087,other,,ar_001,,Customers Visit Management,إدارة زيارات العملاء,,translated,,ar_001_customers_visit_management_label,t
2235088,other,,ar_001,,Survey Results,نتائج الاستطلاع,,translated,,ar_001_survey_results_label,t
2235089,other,,ar_001,,press the button below to Add Survey Result,اضغط على الزر أدناه لإضافة نتيجة الاستطلاع,,translated,,ar_001_add_survey_result_label,t
2235090,other,,ar_001,,Start New Survey,بدء استطلاع جديد,,translated,,ar_001_start_new_survey_label,t
2235091,other,,ar_001,,See All Results,مشاهدة جميع النتائج,,translated,,ar_001_see_all_results_label,t
2235092,other,,ar_001,,Visit number,رقم الزيارة,,translated,,ar_001_visit_number_label,t
2235093,other,,ar_001,,Force Location,موقع القوة,,translated,,ar_001_force_location_label,t
2235094,other,,ar_001,,Visit Planning (Optional),تخطيط الزيارة (اختياري),,translated,,ar_001_visit_planning_optional_label,t
2235095,other,,ar_001,,Location Details (Optional),تفاصيل الموقع (اختياري),,translated,,ar_001_location_optional_details_label,t
2235096,other,,ar_001,,Save as Draft,حفظ كمسودة,,translated,,ar_001_save_as_draft_label,t
2235097,other,,ar_001,,Customer Name,اسم العميل,,translated,,ar_001_customer_name_label,t
2235098,other,,ar_001,,Building number,رقم المبنى,,translated,,ar_001_building_number_label,t
2235099,other,,ar_001,,Captured Media,الوسائط الملتقطة,,translated,,ar_001_captured_medial_label,t
2235100,other,,ar_001,,Result ID,معرف النتيجة,,translated,,ar_001_result_id_label,t
2235101,other,,ar_001,,(Optional),(خياري),,translated,,ar_001_optional_label,t
2235102,other,,ar_001,,Coverage Radius,نطاق التغطية,,translated,,ar_001_coverage_radius_label,t
2235103,other,,ar_001,,Street,شارع,,translated,,ar_001_street_label,t
2235104,other,,ar_001,,All Survey Results,جميع نتائج الاستطلاع,,translated,,ar_001_all_survey_results_label,t
2235105,other,,ar_001,,Survey Result,نتيجة الاستطلاع,,translated,,ar_001_survey_result_label,t
2235106,other,,ar_001,,Check In,تحقق في,,translated,,ar_001_check_in_label,t
2235107,other,,ar_001,,Proceed to Order,انتقل إلى الطلب,,translated,,ar_001_proceed_to_order_label,t
2235108,other,,ar_001,,Trouble Ticket,تذكرة مشكلة,,translated,,ar_001_trouble_ticket_label,t
2235109,other,,ar_001,,Select channel member,حدد عضو القناة,,translated,,ar_001_alert_channel_member_text_field,t
2235110,other,,ar_001,,Please enter a search term,الرجاء إدخال مصطلح البحث,,translated,,ar_001_alert_empty_search_field,t
2235111,other,,ar_001,,Please enter a valid amount,الرجاء إدخال مبلغ صالح,,translated,,ar_001_pay_amount_error_label,t
2235112,other,,ar_001,,Please enter serial number,الرجاء إدخال الرقم التسلسلي,,translated,,ar_001_serial_number_error_message,t
2235113,other,,ar_001,,Voucher Code is required,رمز القسيمة مطلوب,,translated,,ar_001_alert_empty_voucher_code,t
2235114,other,,ar_001,,Choose wallet type,اختر نوع المحفظة,,translated,,ar_001_alert_select_wallet_error,t
2235115,other,,ar_001,,Select channel type,حدد نوع القناة,,translated,,ar_001_alert_select_channel_error,t
2235116,other,,ar_001,,Select channel member,حدد عضو القناة,,translated,,ar_001_select_channel_member_label,t
2235117,other,,ar_001,,Please enter your number,الرجاء إدخال رقمك,,translated,,ar_001_alert_empty_mobile_number_label,t
2235118,other,,ar_001,,ID number is required,رقم الهوية مطلوب,,translated,,ar_001_alert_id_number_is_required,t
2235119,other,,ar_001,,ID type is required,نوع الهوية مطلوب,,translated,,ar_001_alert_id_type_is_required,t
2235120,other,,ar_001,,MSISDN is required,مطلوب MSISDN,,translated,,ar_001_alert_msisdn_is_required,t
2235121,other,,ar_001,,Please fill address details,يرجى ملء تفاصيل العنوان,,translated,,ar_001_please_fill_address,t
2235122,other,,ar_001,,Please fill contact details,يرجى ملء تفاصيل الاتصال,,translated,,ar_001_please_fill_contact,t
2235123,other,,ar_001,,Please enter city,الرجاء إدخال المدينة,,translated,,ar_001_alert_please_enter_city,t
2235124,other,,ar_001,,Please enter po box,الرجاء إدخال صندوق البريد,,translated,,ar_001_alert_please_enter_po_box,t
2235125,other,,ar_001,,Please enter pc code,الرجاء إدخال رمز الكمبيوتر,,translated,,ar_001_alert_please_enter_pc_code,t
2235126,other,,ar_001,,Please enter way number,الرجاء إدخال رقم الطريق,,translated,,ar_001_alert_please_enter_way_number,t
2235127,other,,ar_001,,Please enter home number,الرجاء إدخال رقم المنزل,,translated,,ar_001_alert_please_enter_home_number,t
2235128,other,,ar_001,,Please enter land mark,الرجاء إدخال علامة الأرض,,translated,,ar_001_alert_please_enter_land_mark,t
2235129,other,,ar_001,,Please enter contact number,الرجاء إدخال رقم الاتصال,,translated,,ar_001_alert_please_enter_contact_number,t
2235130,other,,ar_001,,Please enter governorate,الرجاء إدخال المحافظة,,translated,,ar_001_alert_please_enter_governorate,t
2235131,other,,ar_001,,Visit name is required,اسم الزيارة مطلوب,,translated,,ar_001_alert_visit_name_is_required,t
2235132,other,,ar_001,,Channel member is required,يجب أن يكون عضوًا في القناة,,translated,,ar_001_alert_channel_member_is_required,t
2235133,other,,ar_001,,Assigned to is required,مطلوب تعيين إلى,,translated,,ar_001_alert_assigned_to_is_required,t
2235134,other,,ar_001,,Date from is required,التاريخ من مطلوب,,translated,,ar_001_alert_date_from_is_required,t
2235135,other,,ar_001,,Date to is required,التاريخ مطلوب,,translated,,ar_001_alert_date_to_is_required,t
2235136,other,,ar_001,,Area manager is required,مطلوب مدير منطقة,,translated,,ar_001_alert_area_manager_is_required,t
2235137,other,,ar_001,,DSM is required,DSM مطلوب,,translated,,ar_001_alert_dsm_is_required,t
2235138,other,,ar_001,,Dealer is required,مطلوب تاجر,,translated,,ar_001_alert_dealer_is_required,t
2235139,other,,ar_001,,Please enter region,الرجاء إدخال المنطقة,,translated,,ar_001_alert_please_enter_region,t
2235140,other,,ar_001,,Please enter walleye,الرجاء إدخال سمك الوالاي,,translated,,ar_001_alert_please_enter_walleye,t
2235141,other,,ar_001,,Location is required,الموقع مطلوب,,translated,,ar_001_alert_location_is_required,t
2235142,other,,ar_001,,Please enter area,الرجاء إدخال المنطقة,,translated,,ar_001_alert_please_enter_area,t
2235143,other,,ar_001,,Please enter wilayat,الرجاء إدخال الولاية,,translated,,ar_001_alert_please_enter_wilayat,t
2235144,other,,ar_001,,Please enter locality,الرجاء إدخال المنطقة,,translated,,ar_001_alert_please_enter_locality,t
2235145,other,,ar_001,,Customer Name is required,اسم العميل مطلوب,,translated,,ar_001_alert_customer_name_required,t
2235146,other,,ar_001,,This field is required,هذه الخانة مطلوبه,,translated,,ar_001_alert_field_is_required,t
2235147,other,,ar_001,,Start range is required,نطاق البداية مطلوب,,translated,,ar_001_alert_start_range_required,t
2235148,other,,ar_001,,End range is required,النطاق النهائي مطلوب,,translated,,ar_001_alert_end_range_required,t
2235149,other,,ar_001,,Please enter serial number,الرجاء إدخال الرقم التسلسلي,,translated,,ar_001_alert_enter_serial_number,t
2235150,other,,ar_001,,Reason is required,السبب مطلوب,,translated,,ar_001_alert_reason_required,t
2235151,other,,ar_001,,Add-ons price,سعر الإضافات,,translated,,ar_001_add_ones_price_label,t
2235152,other,,ar_001,,New total price,السعر الإجمالي الجديد,,translated,,ar_001_new_total_price_label,t
2235153,other,,ar_001,,Add social booster,إضافة معزز اجتماعي,,translated,,ar_001_add_social_booster_label,t
2235154,other,,ar_001,,Check-in,تحقق في,,translated,,ar_001_shifts_check_in_label,t
2235155,other,,ar_001,,Check-out,الدفع,,translated,,ar_001_check_out_label,t
2235156,other,,ar_001,,Current,حاضِر,,translated,,ar_001_current_label,t
2235157,other,,ar_001,,Calender,التقويم,,translated,,ar_001_calender_label,t
2235158,other,,ar_001,,Upcoming,القادمة,,translated,,ar_001_upcoming_label,t
2235159,other,,ar_001,,Shifts for selected dates,التحولات للتواريخ المحددة,,translated,,ar_001_shifts_for_selected_dates_label,t
2235160,other,,ar_001,,Showing shifts from,إظهار التحولات من,,translated,,ar_001_showing_shifts_from_label,t
2235161,other,,ar_001,,Select year,اختر السنة,,translated,,ar_001_select_year_label,t
2235162,other,,ar_001,,Filter by Date,تصفية حسب التاريخ,,translated,,ar_001_filter_by_date_label,t
2235163,other,,ar_001,,You're checking in early,أنت تقوم بالتسجيل مبكرًا,,translated,,ar_001_early_check_in_reason,t
2235164,other,,ar_001,,You're checking in late,لقد قمت بالتسجيل متأخرًا,,translated,,ar_001_late_check_in_reason,t
2235165,other,,ar_001,,You're checking out early,أنت تخرج مبكرًا,,translated,,ar_001_early_check_out_reason,t
2235166,other,,ar_001,,You're checking out late,أنت تغادر متأخرًا,,translated,,ar_001_late_check_out_reason,t
2235167,other,,ar_001,,You're starting your shift before the scheduled time. Please tell us why.,ستبدأ مناوبتك قبل الموعد المحدد. يُرجى إخبارنا بالسبب.,,translated,,ar_001_early_check_in_reason_desc,t
2235168,other,,ar_001,,You’ve missed your scheduled start time. Let us know what caused the delay.,لقد فاتك موعد بدء عملك. أخبرنا عن سبب التأخير.,,translated,,ar_001_late_check_in_reason_desc,t
2235169,other,,ar_001,,You're ending your shift before the scheduled time. Please tell us why.,ستُنهي نوبتك قبل الموعد المُحدد. يُرجى إخبارنا بالسبب.,,translated,,ar_001_early_check_out_reason_desc,t
2235170,other,,ar_001,,You're ending your shift after the scheduled time. Please tell us why.,ستُنهي نوبتك بعد الموعد المُحدد. يُرجى إخبارنا بالسبب.,,translated,,ar_001_late_check_out_reason_desc,t
2235171,other,,ar_001,,Add a short reason,أضف سببًا قصيرًا,,translated,,ar_001_reason_short_answer_label,t
2235172,other,,ar_001,,No Upcoming Shifts,لا توجد نوبات عمل قادمة,,translated,,ar_001_no_upcoming_shifts_label,t
2235173,other,,ar_001,,No shifts scheduled,لا توجد نوبات عمل مجدولة,,translated,,ar_001_no_shifts_scheduled_label,t
2235174,other,,ar_001,,You don't have any scheduled shifts for now.,ليس لديك أي تحولات مجدولة في الوقت الحالي.,,translated,,ar_001_no_upcoming_shifts_message,t
2235175,other,,ar_001,,There are no shifts assigned during this period,لا توجد نوبات عمل مخصصة خلال هذه الفترة,,translated,,ar_001_no_shifts_scheduled_message,t
2235176,other,,ar_001,,History,,,translated,,ar_001_history_label,t
2235177,other,,ar_001,,My Shifts,,,translated,,ar_001_my_shifts_label,t
2235178,other,,ar_001,,New schedules will appear here.,,,translated,,ar_001_new_schedules_will_appear_here_label,t
2235179,other,,en_US,,Sign In,Sign In,,translated,,en_US_landing_sign_in_button,t
2235180,other,,en_US,,Channel Member Hiring,Channel Member Hiring,,translated,,en_US_landing_channel_member_hiring_button,t
2235181,other,,en_US,,User Name,User Name,,translated,,en_US_login_user_name_text_field,t
2235182,other,,en_US,,Forgot Password ?,Forgot Password ?,,translated,,en_US_login_forget_password_button,t
2235183,other,,en_US,,Sign In,Sign In,,translated,,en_US_login_sign_in_button,t
2235411,other,,en_US,,Order Status,Order Status,,translated,,en_US_commission_reports_order_status_button,t
2235412,other,,en_US,,Date,Date,,translated,,en_US_commission_reports_date_label,t
2235413,other,,en_US,,Action,Action,,translated,,en_US_commission_reports_action_label,t
2235414,other,,en_US,,Plan/ Bill amount,Plan/ Bill amount,,translated,,en_US_commission_reports_plan_bill_amount_label,t
2235415,other,,en_US,,Commission (OMR),Commission (OMR),,translated,,en_US_commission_reports_commission_omr_label,t
2235416,other,,en_US,,Target,Target,,translated,,en_US_commission_reports_target_label,t
2235417,other,,en_US,,Achievement,Achievement,,translated,,en_US_commission_reports_achievement_label,t
2235418,other,,en_US,,Received,Received,,translated,,en_US_commission_reports_received_label,t
2235419,other,,en_US,,Connected,Connected,,translated,,en_US_commission_reports_connected_label,t
2235420,other,,en_US,,Pending,Pending,,translated,,en_US_commission_reports_pending_label,t
2235421,other,,en_US,,Rejected,Rejected,,translated,,en_US_commission_reports_rejected_label,t
2235422,other,,en_US,,E-Top Up,E-Top Up,,translated,,en_US_home_services_e_top_up_label,t
2235423,other,,en_US,,E-Voucher,E-Voucher,,translated,,en_US_home_services_e_voucher_label,t
2235424,other,,en_US,,History,History,,translated,,en_US_home_services_history_label,t
2235425,other,,en_US,,Reports,Reports,,translated,,en_US_home_services_report_label,t
2235426,other,,en_US,,Balance In The Wallet,Balance In The Wallet,,translated,,en_US_home_balance_in_the_wallet_label,t
2235427,other,,en_US,,Inventory Dashboard,Inventory Dashboard,,translated,,en_US_home_inventory_dashboard_label,t
2235428,other,,en_US,,Customer Activities,Customer Activities,,translated,,en_US_home_customer_activities_label,t
2235429,other,,en_US,,Sales Activities,Sales Activities,,translated,,en_US_home_sales_activities_label,t
2235430,other,,en_US,,Order Date,Order Date,,translated,,en_US_purchase_orders_order_date_label,t
2235431,other,,en_US,,Purchase Orders,Purchase Orders,,translated,,en_US_sales_activities_purchase_orders_label,t
2235432,other,,en_US,,Sales Order,Sales Order,,translated,,en_US_sales_activities_sales_order_label,t
2235433,other,,en_US,,My Hierarchy,My Hierarchy,,translated,,en_US_sales_activities_my_hierarchy_label,t
2235434,other,,en_US,,Visit Management,Visit Management,,translated,,en_US_sales_activities_visit_management_label,t
2235435,other,,en_US,,Stocks Return,Stocks Return,,translated,,en_US_sales_activities_stocks_return_label,t
2235436,other,,en_US,,Search Now,Search Now,,translated,,en_US_purchase_orders_search_now_label,t
2235437,other,,en_US,,Place Order,Place Order,,translated,,en_US_purchase_orders_place_order_label,t
2235438,other,,en_US,,No Connection,No Connection,,translated,,en_US_no_connection,t
2235439,other,,en_US,,Please enable Location Services in Settings,Please enable Location Services in Settings,,translated,,en_US_open_location_settings_alert_description,t
2235440,other,,en_US,,Total Price with VAT,Total Price with VAT,,translated,,en_US_plan_total_price_with_vat_label,t
2235441,other,,en_US,,VAT,VAT,,translated,,en_US_plan_vat_label,t
2235442,other,,en_US,,OF,OF,,translated,,en_US_home_of_label,t
2235443,other,,en_US,,Total,Total,,translated,,en_US_ordering_total_label,t
2235444,other,,en_US,,Select your location,Select your location,,translated,,en_US_manage_subscriptions_select_your_location_label,t
2235445,other,,en_US,,"If service is not available, drop a pin","If service is not available, drop a pin",,translated,,en_US_manage_subscriptions_service_not_available_label,t
2235446,other,,en_US,,To pre-order,To pre-order,,translated,,en_US_manage_subscriptions_pre-order_label,t
2235447,other,,en_US,,From Date,From Date,,translated,,en_US_from_date_label,t
2235448,other,,en_US,,To Date,To Date,,translated,,en_US_to_date_label,t
2235449,other,,en_US,,Credit,Credit,,translated,,en_US_credit_label,t
2235450,other,,en_US,,Debit,Debit,,translated,,en_US_debit_label,t
2235451,other,,en_US,,Amount,Amount,,translated,,en_US_amount_label,t
2235452,other,,en_US,,Activity,Activity,,translated,,en_US_activity_label,t
2235453,other,,en_US,,Transactions Type,Transactions Type,,translated,,en_US_transaction_type_label,t
2235454,other,,en_US,,Balance Before,Balance Before,,translated,,en_US_balance_before_label,t
2235455,other,,en_US,,Balance After,Balance After,,translated,,en_US_balance_after_label,t
2235456,other,,en_US,,Create new password,Create new password,,translated,,en_US_create_password_title,t
2235457,other,,en_US,,Date range,Date range,,translated,,en_US_date_range_title_label,t
2235458,other,,en_US,,Child channel member,Child channel member,,translated,,en_US_child_channel_member_title_label,t
2235459,other,,en_US,,Apply Filters,Apply Filters,,translated,,en_US_apply_filters_button,t
2235460,other,,en_US,,Reset,Reset,,translated,,en_US_reset_button,t
2235461,other,,en_US,,Your new password must be different from previous used passwords,Your new password must be different from previous used passwords,,translated,,en_US_reset_password_different_from_previous,t
2235462,other,,en_US,,Scanned item,Scanned item,,translated,,en_US_order_details_scanned_item,t
2235463,other,,en_US,,Filters,Filters,,translated,,en_US_purchase_orders_filters,t
2235464,other,,en_US,,TAX,TAX,,translated,,en_US_order_details_TAX,t
2235465,other,,en_US,,Untaxed Price,Untaxed Price,,translated,,en_US_order_details_untaxed_price,t
2235466,other,,en_US,,Price taxes excluded,Price taxes excluded,,translated,,en_US_order_details_price_taxes_excluded,t
2235467,other,,en_US,,Total Amount,Total Amount,,translated,,en_US_order_details_total_amount,t
2235468,other,,en_US,,Please enter a valid email address,Please enter a valid email address,,translated,,en_US_message_email,t
2235469,other,,en_US,,Please enter a valid password,Please enter a valid password,,translated,,en_US_message_password,t
2235470,other,,en_US,,Please enter a user name,Please enter a user name,,translated,,en_US_message_username,t
2235471,other,,en_US,,Please enter a ID number,Please enter a ID number,,translated,,en_US_message_id_number,t
2235472,other,,en_US,,Please enter all required fields,Please enter all required fields,,translated,,en_US_message_empty,t
2235473,other,,en_US,,Mobile number cannot be the same as Alternative mobile number,Mobile number cannot be the same as Alternative mobile number,,translated,,en_US_message_mobile_number_confirmation,t
2235474,other,,en_US,,Please accept privacy policy,Please accept privacy policy,,translated,,en_US_message_policy_accepted,t
2235475,other,,en_US,,Please fill attachments,Please fill attachments,,translated,,en_US_message_attachment,t
2235476,other,,en_US,,Please validate mobile number,Please validate mobile number,,translated,,en_US_message_mobile_number_validated,t
2235477,other,,en_US,,Please update expiry date,Please update expiry date,,translated,,en_US_message_expiry_date_validation,t
2235478,other,,en_US,,Please enter a valid Oman mobile number,Please enter a valid Oman mobile number,,translated,,en_US_message_validate_oman_number,t
2235479,other,,en_US,,Included,Included,,translated,,en_US_summary_included_label,t
2235480,other,,en_US,,Scanned Items,Scanned Items,,translated,,en_US_scanned_items_label,t
2235481,other,,en_US,,Order Details,Order Details,,translated,,en_US_order_details_label,t
2235482,other,,en_US,,Connected Orders,Connected Orders,,translated,,en_US_dashboard_connected_orders,t
2235483,other,,en_US,,Submitted Orders,Submitted Orders,,translated,,en_US_dashboard_submitted_orders,t
2235484,other,,en_US,,Request For Quotation,Request For Quotation,,translated,,en_US_request_for_quotation_button,t
2235485,other,,en_US,,Unnamed Location,Unnamed Location,,translated,,en_US_map_unnamed_location_label,t
2235486,other,,en_US,,Place your front side of your ID on the frame,Place your front side of your ID on the frame,,translated,,en_US_front_id_label,t
2235487,other,,en_US,,Place your Back side of your ID on the frame,Place your Back side of your ID on the frame,,translated,,en_US_back_id_label,t
2235488,other,,en_US,,Empty List,Empty List,,translated,,en_US_table_empty_list,t
2235489,other,,en_US,,Filters,Filters,,translated,,en_US_filters_title,t
2235490,other,,en_US,,Time,Time,,translated,,en_US_time_title,t
2235491,other,,en_US,,Delivery Order,Delivery Order,,translated,,en_US_delivery_order_title,t
2235492,other,,en_US,,Please add at least one item in your list,Please add at least one item in your list,,translated,,en_US_add_least_item_label,t
2235493,other,,en_US,,The minimum quantity for,The minimum quantity for,,translated,,en_US_minimum_quantity_label,t
2235494,other,,en_US,,Is,Is,,translated,,en_US_is_label,t
2235495,other,,en_US,,Password not equal confirm password,Password not equal confirm password,,translated,,en_US_alert_password_not_equal_confirm_label,t
2235496,other,,en_US,,Alternative phone number is not valid,Alternative phone number is not valid,,translated,,en_US_alert_phone_not_valid_label,t
2235497,other,,en_US,,Please update your ID's expiry date,Please update your ID's expiry date,,translated,,en_US_update_your_Id's_label,t
2235498,other,,en_US,,Phone is not valid,Phone is not valid,,translated,,en_US_phone_not_valid_label,t
2235499,other,,en_US,,The maximum quantity for,The maximum quantity for,,translated,,en_US_maximum_quantity_label,t
2235500,other,,en_US,,View,View,,translated,,en_US_view_label,t
2235501,other,,en_US,,HBB Activation,HBB Activation,,translated,,en_US_sheet_activation_button,t
2235502,other,,en_US,,Prepaid Activation,Prepaid Activation,,translated,,en_US_prepaid_activation_label,t
2235503,other,,en_US,,Postpaid Activation,Postpaid Activation,,translated,,en_US_postpaid_activation_label,t
2235504,other,,en_US,,Port in,Port in,,translated,,en_US_port_in_label,t
2235505,other,,en_US,,SIM Replacement,SIM Replacement,,translated,,en_US_sim_replacement_label,t
2235506,other,,en_US,,Forget Password,Forget Password,,translated,,en_US_forgot_password_label,t
2235507,other,,en_US,,Activation,Activation,,translated,,en_US_activation_label,t
2235508,other,,en_US,,Payment Confirmation,Payment Confirmation,,translated,,en_US_payment_confirmation_label,t
2235509,other,,en_US,,Postpaid Activation Request Has Been Sent,Postpaid Activation Request Has Been Sent,,translated,,en_US_postpaid_activation_request_message_label,t
2235510,other,,en_US,,This Number For You,This Number For You,,translated,,en_US_this_number_for_you_label,t
2235511,other,,en_US,,Pick Different Number,Pick Different Number,,translated,,en_US_pick_different_number_button,t
2235512,other,,en_US,,Choose SIM Type,Choose SIM Type,,translated,,en_US_choose_sim_type_label,t
2235513,other,,en_US,,E - SIM,E - SIM,,translated,,en_US_e_sim_label,t
2235514,other,,en_US,,Physical - SIM,Physical - SIM,,translated,,en_US_physical_sim_label,t
2235515,other,,en_US,,SIM Card,SIM Card,,translated,,en_US_sim_card_text_field,t
2235516,other,,en_US,,Credit limit,Credit limit,,translated,,en_US_credit_limit_text_field,t
2235517,other,,en_US,,Scan,Scan,,translated,,en_US_scan_button,t
2235518,other,,en_US,,Old Type,Old Type,,translated,,en_US_old_type_label,t
2235519,other,,en_US,,Postpaid,Postpaid,,translated,,en_US_postpaid_label,t
2235520,other,,en_US,,Prepaid,Prepaid,,translated,,en_US_prepaid_label,t
2235521,other,,en_US,,MSISDN,MSISDN,,translated,,en_US_msisdn_label_text_field,t
2235522,other,,en_US,,Current SIM NO,Current SIM NO,,translated,,en_US_current_sim_no_text_field,t
2235523,other,,en_US,,Current SIM Type,Current SIM Type,,translated,,en_US_current_sim_type_label,t
2235524,other,,en_US,,New SIM Type,New SIM Type,,translated,,en_US_new_sim_type_label,t
2235525,other,,en_US,,New SIM Code,New SIM Code,,translated,,en_US_new_sim_code_text_fiield,t
2235526,other,,en_US,,Plan/Bill Amount,Plan/Bill Amount,,translated,,en_US_plan_bill_amount_label,t
2235527,other,,en_US,,Commission(OMR),Commission(OMR),,translated,,en_US_commission_omr_label,t
2235528,other,,en_US,,Search By Email…,Search By Email…,,translated,,en_US_search_by_email_title_label,t
2235529,other,,en_US,,Search By ID,Search By ID,,translated,,en_US_search_by_id_title_label,t
2235530,other,,en_US,,Visit Status,Visit Status,,translated,,en_US_visit_status_label,t
2235531,other,,en_US,,Purchase Status,Purchase Status,,translated,,en_US_purchase_status_label,t
2235627,other,,en_US,,Please update quantity first!!,Please update quantity first!!,,translated,,en_US_please_update_quantity_first_label,t
2235628,other,,en_US,,Customer Information,Customer Information,,translated,,en_US_customer_information_label,t
2235629,other,,en_US,,Are You Sure You Want To Upgrade This Plan,Are You Sure You Want To Upgrade This Plan,,translated,,en_US_you_want_to_upgrade_plan_label,t
2235630,other,,en_US,,Product quantity more than the maximum allowed quantity ,Product quantity more than the maximum allowed quantity ,,translated,,en_US_product_quantity_more_maximum_product,t
2235631,other,,en_US,,"A New Items Has Been Added To
 Your Inventory","A New Items Has Been Added To
 Your Inventory",,translated,,en_US_new_item_added_to_inventory_label,t
2235632,other,,en_US,,Are you sure you want to cancel this order?,Are you sure you want to cancel this order?,,translated,,en_US_are_you_cancel_order_label,t
2235633,other,,en_US,,The Order Delivered Successfully,The Order Delivered Successfully,,translated,,en_US_order_delivered_successfully_label,t
2235634,other,,en_US,,Please Fill Fields,Please Fill Fields,,translated,,en_US_please_fill_fields_label,t
2235635,other,,en_US,,Activation Failed,Activation Failed,,translated,,en_US_activation_failed_label,t
2235636,other,,en_US,,Please Select Assign To,Please Select Assign To,,translated,,en_US_please_select_assign_label,t
2235637,other,,en_US,,Please Select Channel Member,Please Select Channel Member,,translated,,en_US_please_select_channel_member_label,t
2235638,other,,en_US,,Commitment Period (Monthly),Commitment Period (Monthly),,translated,,en_US_commitment_period_label,t
2235639,other,,en_US,,Monthly Subscription Total,Monthly Subscription Total,,translated,,en_US_subscription_total_label,t
2235640,other,,en_US,,Addons Upgraded,Addons Upgraded,,translated,,en_US_addons_upgraded_label,t
2235641,other,,en_US,,Change PIN,Change PIN,,translated,,en_US_change_pin_label,t
2235642,other,,en_US,,Enter the new PIN code,Enter the new PIN code,,translated,,en_US_enter_new_pin_label,t
2235643,other,,en_US,,Current PIN,Current PIN,,translated,,en_US_current_pin_label,t
2235644,other,,en_US,,New PIN code,New PIN code,,translated,,en_US_new_pin_code_label,t
2235645,other,,en_US,,Confirm new PIN,Confirm new PIN,,translated,,en_US_confirm_new_pin_label,t
2235646,other,,en_US,,Change PIN code,Change PIN code,,translated,,en_US_change_pin_code_label,t
2235647,other,,en_US,,Your PIN Code Has Been Changed Successfully,Your PIN Code Has Been Changed Successfully,,translated,,en_US_pin_code_changed_successfully_label,t
2235648,other,,en_US,,Operator,Operator,,translated,,en_US_operator_hint_label,t
2235649,other,,en_US,,Select voucher amount,Select voucher amount,,translated,,en_US_select_voucher_amount_label,t
2235650,other,,en_US,,Enter your PIN code,Enter your PIN code,,translated,,en_US_enter_pin_code_label,t
2235651,other,,en_US,,Transaction Successfully Sent!,Transaction Successfully Sent!,,translated,,en_US_transaction_successfully_sent_label,t
2235652,other,,en_US,,Number Of Vouchers,Number Of Vouchers,,translated,,en_US_number_of_voucher_label,t
2235653,other,,en_US,,Mobile Number,Mobile Number,,translated,,en_US_mobile_number_label,t
2235654,other,,en_US,,Bundle,Bundle,,translated,,en_US_bundle_label,t
2235655,other,,en_US,,Select,Select,,translated,,en_US_select_button_label,t
2235656,other,,en_US,,Selected,Selected,,translated,,en_US_selected_button_label,t
2235657,other,,en_US,,Enter mobile number,Enter mobile number,,translated,,en_US_enter_mobile_number_label,t
2235658,other,,en_US,,Select a Bundle,Select a Bundle,,translated,,en_US_select_bundle_label,t
2235659,other,,en_US,,Select a plan,Select a plan,,translated,,en_US_select_plan_label,t
2235660,other,,en_US,,Prepaid Subscription,Prepaid Subscription,,translated,,en_US_subscription_label,t
2235661,other,,en_US,,Offer type,Offer type,,translated,,en_US_offer_type_label,t
2235662,other,,en_US,,Select data Add-on,Select data Add-on,,translated,,en_US_select_data_add-on_label,t
2235663,other,,en_US,,Print,Print,,translated,,en_US_print_label,t
2235664,other,,en_US,,Transaction ID,Transaction ID,,translated,,en_US_transaction_id_label,t
2235665,other,,en_US,,Transaction Date,Transaction Date,,translated,,en_US_transaction_date_label,t
2235666,other,,en_US,,Receiver number,Receiver number,,translated,,en_US_receiver_number_label,t
2235667,other,,en_US,,Transaction,Transaction,,translated,,en_US_transaction_label,t
2235668,other,,en_US,,Details,Details,,translated,,en_US_details_label,t
2235669,other,,en_US,,Export as PDF,Export as PDF,,translated,,en_US_export_pdf_label,t
2235670,other,,en_US,,Subscription,Subscription,,translated,,en_US_subscription_type_label,t
2235671,other,,en_US,,This plan gives you,This plan gives you,,translated,,en_US_plan_gives_label,t
2235672,other,,en_US,,(Vat included),(Vat included),,translated,,en_US_vat_included_brackets_label,t
2235673,other,,en_US,,Successfully Done,Successfully Done,,translated,,en_US_successfully_done_label,t
2235674,other,,en_US,,Request for Order,Request for Order,,translated,,en_US_request_order_label,t
2235675,other,,en_US,,Select the type of request and enter the amount,Select the type of request and enter the amount,,translated,,en_US_select_type_request_and_enter_amount_label,t
2235676,other,,en_US,,Amount (OMR),Amount (OMR),,translated,,en_US_amount_omr_label,t
2235677,other,,en_US,,E-topup,E-topup,,translated,,en_US_e_top_up_label,t
2235678,other,,en_US,,E-voucher,E-voucher,,translated,,en_US_e_voucher_label,t
2235679,other,,en_US,,E-voucher request,E-voucher request,,translated,,en_US_e_voucher_request_label,t
2235680,other,,en_US,,E-topup request,E-topup request,,translated,,en_US_e_top_up_request_label,t
2235681,other,,en_US,,What do you want to do?,What do you want to do?,,translated,,en_US_what_do_you_want_to_do_label,t
2235682,other,,en_US,,Daily,Daily,,translated,,en_US_daily_label,t
2235683,other,,en_US,,Weekly,Weekly,,translated,,en_US_weekly_label,t
2235684,other,,en_US,,Monthly,Monthly,,translated,,en_US_monthly_label,t
2235685,other,,en_US,,E-Topup usage,E-Topup usage,,translated,,en_US_e_top_up_usage_label,t
2235686,other,,en_US,,E-voucher usage,E-voucher usage,,translated,,en_US_e_voucher_usage_label,t
2235687,other,,en_US,,Voucher ready to print,Voucher ready to print,,translated,,en_US_voucher_ready_to_print_label,t
2235688,other,,en_US,,Inbox is empty,Inbox is empty,,translated,,en_US_inbox_empty_label,t
2235689,other,,en_US,,Download,Download,,translated,,en_US_download_label,t
2235690,other,,en_US,,Share by email,Share by email,,translated,,en_US_share_by_email_label,t
2235691,other,,en_US,,Reprint,Reprint,,translated,,en_US_reprint_label,t
2235692,other,,en_US,,Voucher Code,Voucher Code,,translated,,en_US_voucher_code_label,t
2235693,other,,en_US,,Plan Name,Plan Name,,translated,,en_US_plan_name_label,t
2235694,other,,en_US,,Printer not connected,Printer not connected,,translated,,en_US_printer_not_connected_label,t
2235695,other,,en_US,,Plan will give you,Plan will give you,,translated,,en_US_plan_will_give_you_label,t
2235696,other,,en_US,,Continue,Continue,,translated,,en_US_continue_label,t
2235697,other,,en_US,,Fibrenet Is Available In Your Location. Click Below To Continue,Fibrenet Is Available In Your Location. Click Below To Continue,,translated,,en_US_fibrenet_is_available_title_label,t
2235698,other,,en_US,,Select access technology,Select access technology,,translated,,en_US_select_technology_label,t
2235699,other,,en_US,,Fibrenet Is Unavailable In Your Location. But You Can Choose Fixed 4/5G Or Pre-Order The Service,Fibrenet Is Unavailable In Your Location. But You Can Choose Fixed 4/5G Or Pre-Order The Service,,translated,,en_US_fibrenet_is_unavailable_title_label,t
2235700,other,,en_US,,Select FDN number,Select FDN number,,translated,,en_US_select_fdn_number_label,t
2235701,other,,en_US,,SIM Number,SIM Number,,translated,,en_US_sim_number_label,t
2235765,other,,en_US,,SIM type,SIM type,,translated,,en_US_sim_type_label,t
2235766,other,,en_US,,ICCID,ICCID,,translated,,en_US_iccid_label,t
2235767,other,,en_US,,Payment status,Payment status,,translated,,en_US_payment_status_label,t
2235768,other,,en_US,,Valid for,Valid for,,translated,,en_US_valid_for_label,t
2235769,other,,en_US,,Primary,Primary,,translated,,en_US_primary_label,t
2235770,other,,en_US,,ID expiry date,ID expiry date,,translated,,en_US_id_expiry_date_label,t
2235771,other,,en_US,,Achievement/Target,Achievement/Target,,translated,,en_US_achievement_target_label,t
2235772,other,,en_US,,Earned commission,Earned commission,,translated,,en_US_earned_commission_label,t
2235773,other,,en_US,,Order quality,Order quality,,translated,,en_US_order_quality_label,t
2235774,other,,en_US,,Performance,Performance,,translated,,en_US_performance_label,t
2235775,other,,en_US,,Customer activities,Customer activities,,translated,,en_US_customer_activates_label,t
2235776,other,,en_US,,Stock management ,Stock management ,,translated,,en_US_stock_management_label,t
2235777,other,,en_US,,E-reload ,E-reload ,,translated,,en_US_ereload_label,t
2235778,other,,en_US,,LMTD,LMTD,,translated,,en_US_lmtd_label,t
2235779,other,,en_US,,Update ID,Update ID,,translated,,en_US_update_id_label,t
2235780,other,,en_US,,Overview,Overview,,translated,,en_US_overview_label,t
2235781,other,,en_US,,Widgets,Widgets,,translated,,en_US_widgets_label,t
2235782,other,,en_US,,Build,Build,,translated,,en_US_build_label,t
2235783,other,,en_US,,Profile,Profile,,translated,,en_US_profile_label,t
2235784,other,,en_US,,DMS One App,DMS One App,,translated,,en_US_dms_app_label,t
2235785,other,,en_US,,Capture document ,Capture document ,,translated,,en_US_capture_documents_label,t
2235786,other,,en_US,,Select Document type,Select Document type,,translated,,en_US_select_document_type_label,t
2235787,other,,en_US,,ID Expired,ID Expired,,translated,,en_US_id_expired_label,t
2235788,other,,en_US,,Enter ID expiry date,Enter ID expiry date,,translated,,en_US_enter_id_expiry_date_text_field,t
2235789,other,,en_US,,Choose Title,Choose Title,,translated,,en_US_choose_title_text_field,t
2235790,other,,en_US,,Enter first name,Enter first name,,translated,,en_US_enter_first_name_text_field,t
2235791,other,,en_US,,Enter second name,Enter second name,,translated,,en_US_enter_second_name_text_field,t
2235792,other,,en_US,,Enter Third name,Enter Third name,,translated,,en_US_enter_third_name_text_field,t
2235793,other,,en_US,,Enter last name,Enter last name,,translated,,en_US_enter_last_name_text_field,t
2235794,other,,en_US,,Choose gender,Choose gender,,translated,,en_US_choose_gender_text_field,t
2235795,other,,en_US,,Enter Nationality,Enter Nationality,,translated,,en_US_enter_nationality_text_field,t
2235796,other,,en_US,,Enter birth of date,Enter birth of date,,translated,,en_US_enter_birth_of_date_text_field,t
2235797,other,,en_US,,Enter Electricity account number,Enter Electricity account number,,translated,,en_US_enter_electricity_account_number_text_field,t
2235798,other,,en_US,,Enter contact number,Enter contact number,,translated,,en_US_enter_contact_number_text_field,t
2235799,other,,en_US,,Enter email address ,Enter email address ,,translated,,en_US_enter_email_address_text_field,t
2235800,other,,en_US,,Vat included ,Vat included ,,translated,,en_US_vat_included_label,t
2235801,other,,en_US,,Select number,Select number,,translated,,en_US_select_number_label,t
2235802,other,,en_US,,Your request has been submitted,Your request has been submitted,,translated,,en_US_your_request_has_been_submitted_label,t
2235803,other,,en_US,,New ICCID,New ICCID,,translated,,en_US_new_iccid_label,t
2235804,other,,en_US,,Old SIM,Old SIM,,translated,,en_US_old_sim_label,t
2235805,other,,en_US,,Is PKI SIM ,Is PKI SIM ,,translated,,en_US_is_pki_sim_label,t
2235806,other,,en_US,,Is SIM cost paid,Is SIM cost paid,,translated,,en_US_is_sim_cost_paid_label,t
2235807,other,,en_US,,SIM replacement fulfilment,SIM replacement fulfilment,,translated,,en_US_sim_replacement_fulfilment_title_label,t
2235808,other,,en_US,,Services,Services,,translated,,en_US_services_label,t
2235809,other,,en_US,,Document type,Document type,,translated,,en_US_document_type_label,t
2235810,other,,en_US,,Paid,Paid,,translated,,en_US_paid_label,t
2235811,other,,en_US,,Unpaid,Unpaid,,translated,,en_US_unpaid_label,t
2235812,other,,en_US,,Flexi Mins,Flexi Mins,,translated,,en_US_flexi_mins_label,t
2235813,other,,en_US,,Cross Mins,Cross Mins,,translated,,en_US_cross_mins_label,t
2235814,other,,en_US,,Data,Data,,translated,,en_US_data_label,t
2235815,other,,en_US,,Subscription details,Subscription details,,translated,,en_US_subscription_details_label,t
2235816,other,,en_US,,Credit class,Credit class,,translated,,en_US_credit_class_label,t
2235817,other,,en_US,,Weeks,Weeks,,translated,,en_US_weeks_label,t
2235818,other,,en_US,,Salary range,Salary range,,translated,,en_US_salary_range_label,t
2235819,other,,en_US,,Customize plan,Customize plan,,translated,,en_US_customize_plan_label,t
2235820,other,,en_US,,Service location,Service location,,translated,,en_US_service_location_label,t
2235821,other,,en_US,,Search location,Search location,,translated,,en_US_search_location_label,t
2235822,other,,en_US,,Street name,Street name,,translated,,en_US_street_name_label,t
2235823,other,,en_US,,FTTH Plan,FTTH Plan,,translated,,en_US_ftth_plan_label,t
2235824,other,,en_US,,FDN number,FDN number,,translated,,en_US_fdn_number_label,t
2235825,other,,en_US,,Increase customer credit limit,Increase customer credit limit,,translated,,en_US_increase_customer_credit_limit_label,t
2235826,other,,en_US,,Important:,Important:,,translated,,en_US_important_label,t
2235827,other,,en_US,,Items,Items,,translated,,en_US_items_label,t
2235828,other,,en_US,,Id copy,Id copy,,translated,,en_US_id_copy_label,t
2235829,other,,en_US,,CPE,CPE,,translated,,en_US_cpe_label,t
2235830,other,,en_US,,IMEI,IMEI,,translated,,en_US_imei_label,t
2235831,other,,en_US,,Access technology,Access technology,,translated,,en_US_access_technology_label,t
2235963,other,,en_US,,Full address,Full address,,translated,,en_US_full_address_label,t
2235964,other,,en_US,,Contact number,Contact number,,translated,,en_US_contact_number_text_field,t
2235965,other,,en_US,,Governorate ,Governorate ,,translated,,en_US_governorate_text_field,t
2235966,other,,en_US,,Willayat,Willayat,,translated,,en_US_willayat_text_field,t
2235967,other,,en_US,,Area,Area,,translated,,en_US_area_text_field,t
2235968,other,,en_US,,House number,House number,,translated,,en_US_house_number_text_field,t
2235969,other,,en_US,,FDN number,FDN number,,translated,,en_US_fdn_number_title_label,t
2235970,other,,en_US,,Pick different number,Pick different number,,translated,,en_US_pick_different_number_button_label,t
2235971,other,,en_US,,Terms and conditions,Terms and conditions,,translated,,en_US_terms_and_conditions_label,t
2235972,other,,en_US,,Postal code,Postal code,,translated,,en_US_postal_code_text_field,t
2235973,other,,en_US,,SIM Replacement Resubmit,SIM Replacement Resubmit,,translated,,en_US_sim_replacement_resubmit_label,t
2235974,other,,en_US,,Prepaid Port In,Prepaid Port In,,translated,,en_US_prepaid_port_in_title_label,t
2235975,other,,en_US,,Region,Region,,translated,,en_US_region_new_address_label,t
2235976,other,,en_US,,New customer,New customer,,translated,,en_US_new_customer_label,t
2235977,other,,en_US,,Existing customer,Existing customer,,translated,,en_US_existing_customer_label,t
2235978,other,,en_US,,Total due amount (OMR),Total due amount (OMR),,translated,,en_US_total_due_amount_text_field,t
2235979,other,,en_US,,Temp MSISDN,Temp MSISDN,,translated,,en_US_temp_msisdn_text_field,t
2235980,other,,en_US,,Report,Report,,translated,,en_US_report_label,t
2235981,other,,en_US,,User name,User name,,translated,,en_US_user_name_text_field,t
2235982,other,,en_US,,Share by Email,Share by Email,,translated,,en_US_share_by_email_button,t
2235983,other,,en_US,,Sales Order,Sales Order,,translated,,en_US_sales_order_label,t
2235984,other,,en_US,,Your Location is need,Your Location is need,,translated,,en_US_your_location_is_need_label,t
2235985,other,,en_US,,Activates history,Activates history,,translated,,en_US_activates_history_label,t
2235986,other,,en_US,,See all,See all,,translated,,en_US_see_all_label,t
2235987,other,,en_US,,Date from,Date from,,translated,,en_US_date_from_report_label,t
2235988,other,,en_US,,Date to,Date to,,translated,,en_US_date_to_report_label,t
2235989,other,,en_US,,Due amount,Due amount,,translated,,en_US_due_amount_report_label,t
2235990,other,,en_US,,Target VS Achievement,Target VS Achievement,,translated,,en_US_target_vs_achievement_report_label,t
2235991,other,,en_US,,Activation Orders,Activation Orders,,translated,,en_US_activation_oreders_report_label,t
2235992,other,,en_US,,No Connection,No Connection,,translated,,en_US_no_connection_label,t
2235993,other,,en_US,,Please Check Your Internet Connection And Try Again,Please Check Your Internet Connection And Try Again,,translated,,en_US_please_check_your_internet_connection_label,t
2235994,other,,en_US,,Please Enable Your Location To Continue,Please Enable Your Location To Continue,,translated,,en_US_please_enable_your_location_to_continue_label,t
2235995,other,,en_US,,All Activates,All Activates,,translated,,en_US_all_activates_label,t
2235996,other,,en_US,,Activation details,Activation details,,translated,,en_US_activates_details_label,t
2235997,other,,en_US,,Plan Price (OMR),Plan Price (OMR),,translated,,en_US_plan_price_omr_label,t
2235998,other,,en_US,,Total amount (OMR),Total amount (OMR),,translated,,en_US_total_amount_omr_label,t
2235999,other,,en_US,,",+15% VAT",",+15% VAT",,translated,,en_US_plus_vat_sales_order_label,t
2236000,other,,en_US,,You must fill all serial numbers.,You must fill all serial numbers.,,translated,,en_US_you_must_fill_all_serial_numbers_label,t
2236001,other,,en_US,,"All items are filled, you can edit one by one.","All items are filled, you can edit one by one.",,translated,,en_US_all_items_are_filled_label,t
2236002,other,,en_US,,Place your passport in the frame,Place your passport in the frame,,translated,,en_US_passport_scan_label,t
2236003,other,,en_US,,Forget password?,Forget password?,,translated,,en_US_forget_password_label_,t
2236004,other,,en_US,,Sales order,Sales order,,translated,,en_US_sales_order_label_,t
2236005,other,,en_US,,Search subscription,Search subscription,,translated,,en_US_search_subscription_title_,t
2236006,other,,en_US,,Plan type,Plan type,,translated,,en_US_plan_type_label_,t
2236007,other,,en_US,,No Signature found,No Signature found,,translated,,en_US_no_signature_found_label_,t
2236008,other,,en_US,,Your ID Card is Expired,Your ID Card is Expired,,translated,,en_US_your_id_card_is_expired_label,t
2236009,other,,en_US,,HRN,HRN,,translated,,en_US_hrn_label,t
2236010,other,,en_US,,Expiry date,Expiry date,,translated,,en_US_expiry_date_title_label,t
2236011,other,,en_US,,Operator name,Operator name,,translated,,en_US_operator_name_label,t
2236012,other,,en_US,,Plan config name,Plan config name,,translated,,en_US_plan_config_name_label,t
2236013,other,,en_US,,Serial number,Serial number,,translated,,en_US_serial_number_label,t
2236014,other,,en_US,,Confirm new PIN code,Confirm new PIN code,,translated,,en_US_confirm_new_pin_code_label,t
2236015,other,,en_US,,Current PIN code,Current PIN code,,translated,,en_US_current_pin_code_label,t
2236016,other,,en_US,,Balance before,Balance before,,translated,,en_US_balance_before_label_,t
2236017,other,,en_US,,Balance after,Balance after,,translated,,en_US_balance_after_label_,t
2236018,other,,en_US,,Payment method,Payment method,,translated,,en_US_payment_method_label_,t
2236019,other,,en_US,,Voucher code,Voucher code,,translated,,en_US_voucher_code_label_,t
2236020,other,,en_US,,Purchase Order,Purchase Order,,translated,,en_US_purchase_order_label_,t
2236021,other,,en_US,,Your Passport is Expired,Your Passport is Expired,,translated,,en_US_your_passport_is_expired_label,t
2236022,other,,en_US,,Channel member onboarding,Channel member onboarding,,translated,,en_US_channel_onboarding_label,t
2236023,other,,en_US,,% VAT,% VAT,,translated,,en_US_percentage_vat_label,t
2236024,other,,en_US,,Map,Map,,translated,,en_US_map_label,t
2236025,other,,en_US,,The number is out of range,The number is out of range,,translated,,en_US_the_number_is_of_range_label,t
2236026,other,,en_US,,Cannot recognize the scanned document or the scanned document is not eligible to do this activation type.,Cannot recognize the scanned document or the scanned document is not eligible to do this activation type.,,translated,,en_US_invalid_document_label,t
2236027,other,,en_US,,Product's,Product's,,translated,,en_US_products_label_,t
2236028,other,,en_US,,Device registration,Device registration,,translated,,en_US_device_registration_label,t
2236029,other,,en_US,,Recharge amount,Recharge amount,,translated,,en_US_recharge_amount_text_field,t
2236030,other,,en_US,,Bundle subscription,Bundle subscription,,translated,,en_US_bundle_subscription_label,t
2236031,other,,en_US,,Other Information,Other Information,,translated,,en_US_other_information_label,t
2236032,other,,en_US,,Please show contract,Please show contract,,translated,,en_US_please_show_contract_label,t
2236033,other,,en_US,,"Please accept the Terms and Conditions, fill the signature, address, and contact info","Please accept the Terms and Conditions, fill the signature, address, and contact info",,translated,,en_US_please_fill_signature_address_contact,t
2236034,other,,en_US,,Postpaid Portin In,Postpaid Portin In,,translated,,en_US_postpaid_port_in_label,t
2236035,other,,en_US,,Please choose payment method,Please choose payment method,,translated,,en_US_alert_choose_payment_method,t
2236036,other,,en_US,,QR code,QR code,,translated,,en_US_qr_code_label,t
2236037,other,,en_US,,SAD Documents,SAD Documents,,translated,,en_US_sad_documents_label,t
2236038,other,,en_US,,Please fill sad document,Please fill sad document,,translated,,en_US_sad_documents_error_label,t
2236039,other,,en_US,,Please select plan,Please select plan,,translated,,en_US_select_plan_error_label,t
2236040,other,,en_US,,Please select donor,Please select donor,,translated,,en_US_select_donor_error_label,t
2236041,other,,en_US,,Please enter port in number,Please enter port in number,,translated,,en_US_select_port_in_error_label,t
2236042,other,,en_US,,Please select replacement reason,Please select replacement reason,,translated,,en_US_select_replacement_reason_error_label,t
2236043,other,,en_US,,5G plans,5G plans,,translated,,en_US_four_g_plans_label,t
2236044,other,,en_US,,4G plans,4G plans,,translated,,en_US_five_g_plans_label,t
2236045,other,,en_US,,Update Now,Update Now,,translated,,en_US_update_now_label,t
2236046,other,,en_US,,Update the App,Update the App,,translated,,en_US_update_the_app_label,t
2236047,other,,en_US,,Available items,Available items,,translated,,en_US_available_items_label,t
2236048,other,,en_US,,Please fill billing address,Please fill billing address,,translated,,en_US_please_fill_billing_address_label,t
2236049,other,,en_US,,Please enter ID expiry date,Please enter ID expiry date,,translated,,en_US_alert_enter_id_expiry_date,t
2236050,other,,en_US,,Please choose the title,Please choose the title,,translated,,en_US_alert_choose_title,t
2236051,other,,en_US,,Please choose the gender,Please choose the gender,,translated,,en_US_alert_choose_gender,t
2236052,other,,en_US,,Please choose the nationality,Please choose the nationality,,translated,,en_US_alert_choose_nationality,t
2236053,other,,en_US,,Please enter the date of birth,Please enter the date of birth,,translated,,en_US_alert_enter_date_of_birth,t
2236054,other,,en_US,,Please choose the customer language,Please choose the customer language,,translated,,en_US_alert_choose_customer_language,t
2236055,other,,en_US,,Please enter the electricity account number,Please enter the electricity account number,,translated,,en_US_alert_enter_electricity_account_number,t
2236056,other,,en_US,,Please enter the name,Please enter the name,,translated,,en_US_alert_enter_the_name,t
2236057,other,,en_US,,Please add a front document,Please add a front document,,translated,,en_US_alert_add_front_document,t
2236058,other,,en_US,,Please add a back document,Please add a back document,,translated,,en_US_alert_add_back_document,t
2236059,other,,en_US,,Please add a sim code,Please add a sim code,,translated,,en_US_alert_add_sim_code,t
2236060,other,,en_US,,Please add a number details,Please add a number details,,translated,,en_US_alert_add_number_details,t
2236061,other,,en_US,,Please enter a voucher code,Please enter a voucher code,,translated,,en_US_alert_enter_voucher_code,t
2236062,other,,en_US,,Please enter recharge amount,Please enter recharge amount,,translated,,en_US_alert_enter_recharge_amount,t
2236063,other,,en_US,,Please add address,Please add address,,translated,,en_US_alert_add_address,t
2236064,other,,en_US,,Please add contact,Please add contact,,translated,,en_US_alert_add_contact,t
2236065,other,,en_US,,Please choose access technology,Please choose access technology,,translated,,en_US_alert_access_technology,t
2236066,other,,en_US,,Please enter the username,Please enter the username,,translated,,en_US_alert_enter_username,t
2236067,other,,en_US,,Please enter the password,Please enter the password,,translated,,en_US_alert_enter_password,t
2236068,other,,en_US,,Please enter refill MSISDN,Please enter refill MSISDN,,translated,,en_US_alert_enter_refill_msisdn,t
2236069,other,,en_US,,Unread,Unread,,translated,,en_US_unread_label,t
2236070,other,,en_US,,GCC ID,GCC ID,,translated,,en_US_gcc_id_label,t
2236071,other,,en_US,,Omani ID,Omani ID,,translated,,en_US_omani_id_label,t
2236072,other,,en_US,,Invalid location,Invalid location,,translated,,en_US_invalid_location_label,t
2236073,other,,en_US,,SIM price,SIM price,,translated,,en_US_sim_price_text_field,t
2236074,other,,en_US,,( Don't have Stocks ),( Don't have Stocks ),,translated,,en_US_dont_have_stocks_label,t
2236075,other,,en_US,,Visit title,Visit title,,translated,,en_US_visit_title_label,t
2236076,other,,en_US,,Delete,Delete,,translated,,en_US_delete_label,t
2236077,other,,en_US,,press the button below to add channel members ,press the button below to add channel members ,,translated,,en_US_channel_member_add_label,t
2236078,other,,en_US,,Add channel members,Add channel members,,translated,,en_US_channel_member_add_btn_label,t
2236079,other,,en_US,,Visit planning,Visit planning,,translated,,en_US_visit_planning_label,t
2236080,other,,en_US,,Survey type,Survey type,,translated,,en_US_survey_type_label,t
2236081,other,,en_US,,Search by name or code,Search by name or code,,translated,,en_US_search_by_name_label,t
2236082,other,,en_US,,Selected Channel members,Selected Channel members,,translated,,en_US_selected_channel_member_label,t
2236083,other,,en_US,,Channel type,Channel type,,translated,,en_US_channel_type_text_filed,t
2236084,other,,en_US,,Visit Type,Visit Type,,translated,,en_US_visit_type_text_field,t
2236085,other,,en_US,,Visit details ,Visit details ,,translated,,en_US_visit_details_label,t
2236086,other,,en_US,,Create new visit,Create new visit,,translated,,en_US_create_new_visit_label,t
2236087,other,,en_US,,Channel member info ,Channel member info ,,translated,,en_US_channel_member_info_label,t
2236088,other,,en_US,,Does not repeat,Does not repeat,,translated,,en_US_does_not_repeat_text_field,t
2236089,other,,en_US,,Channel member performance ,Channel member performance ,,translated,,en_US_channel_member_performance_label,t
2236090,other,,en_US,,Recurrence,Recurrence,,translated,,en_US_recurrence_text_field,t
2236091,other,,en_US,,Show details,Show details,,translated,,en_US_show_details_label,t
2236092,other,,en_US,,Survey title,Survey title,,translated,,en_US_survey_title_label,t
2236093,other,,en_US,,Scheduled Date,Scheduled Date,,translated,,en_US_scheduled_date_label,t
2236094,other,,en_US,,Next Dealer to be visit,Next Dealer to be visit,,translated,,en_US_next_dealer_visit_label,t
2236095,other,,en_US,,From,From,,translated,,en_US_from_label,t
2236096,other,,en_US,,to,to,,translated,,en_US_to_label,t
2236097,other,,en_US,,Visit,Visit,,translated,,en_US_visit_label,t
2236098,other,,en_US,,Draft,Draft,,translated,,en_US_draft_label,t
2236099,other,,en_US,,Active,Active,,translated,,en_US_active_label,t
2236100,other,,en_US,,Deselect,Deselect,,translated,,en_US_deselect_label,t
2236101,other,,en_US,,No Plans,No Plans,,translated,,en_US_no_plans_label,t
2236102,other,,en_US,,Root visits in order,Root visits in order,,translated,,en_US_root_visits_in_order_label,t
2236103,other,,en_US,,Show,Show,,translated,,en_US_show_label,t
2236104,other,,en_US,,Add new result,Add new result,,translated,,en_US_add_new_result_label,t
2236105,other,,en_US,,SEC,SEC,,translated,,en_US_sec_label,t
2236106,other,,en_US,,Remaining time,Remaining time,,translated,,en_US_remaining_time_label,t
2236107,other,,en_US,,Permission denied,Permission denied,,translated,,en_US_permission_denied_label,t
2236108,other,,en_US,,Start survey,Start survey,,translated,,en_US_start_survey_label,t
2236109,other,,en_US,,Capture,Capture,,translated,,en_US_capture_label,t
2236110,other,,en_US,,Are you sure you want to submit this survey?,Are you sure you want to submit this survey?,,translated,,en_US_are_sure_submit_survey_label,t
2236111,other,,en_US,,Submit the survey,Submit the survey,,translated,,en_US_submit_survey_label,t
2236112,other,,en_US,,Back,Back,,translated,,en_US_back_button,t
2236113,other,,en_US,,Survey completed!,Survey completed!,,translated,,en_US_survey_completed_title_label,t
2236114,other,,en_US,,Download / Share,Download / Share,,translated,,en_US_download_share_label,t
2236115,other,,en_US,,The maximum value of the answer is,The maximum value of the answer is,,translated,,en_US_maximum_value_of_the_answer_is,t
2236116,other,,en_US,,The minimum value of the answer is,The minimum value of the answer is,,translated,,en_US_minimum_value_of_the_answer_is,t
2236117,other,,en_US,,Dealer Overview,Dealer Overview,,translated,,en_US_dealer_overview_label,t
2236118,other,,en_US,,See answers,See answers,,translated,,en_US_see_answers_label,t
2236119,other,,en_US,,Update On,Update On,,translated,,en_US_update_on_label,t
2236120,other,,en_US,,Search Number,Search Number,,translated,,en_US_search_number_label,t
2236121,other,,en_US,,Sales KPIs,Sales KPIs,,translated,,en_US_sales_kpis_label,t
2236237,other,,en_US,,Please add a imei,Please add a imei,,translated,,en_US_alert_add_imei,t
2236238,other,,en_US,,Please add a cpe,Please add a cpe,,translated,,en_US_alert_add_cpe,t
2236239,other,,en_US,,Description,Description,,translated,,en_US_description_label,t
2236240,other,,en_US,,There are currently no offers available  for this customer.,There are currently no offers available  for this customer.,,translated,,en_US_no_offer_available_label,t
2236241,other,,en_US,,"You can search for a customer using their MSISDN, FDN, Nickname.","You can search for a customer using their MSISDN, FDN, Nickname.",,translated,,en_US_search_description_label,t
2236242,other,,en_US,,Enter Event Source,Enter Event Source,,translated,,en_US_event_source_label,t
2236243,other,,en_US,,Offer date,Offer date,,translated,,en_US_offer_date_label,t
2236244,other,,en_US,,CVM Offer,CVM Offer,,translated,,en_US_cvm_offer_title_label,t
2236245,other,,en_US,,Please enter a  event source,Please enter a  event source,,translated,,en_US_alert_enter_event_source,t
2236246,other,,en_US,,Broadcast,Broadcast,,translated,,en_US_broadcast_label,t
2236247,other,,en_US,,PIN Recharge,PIN Recharge,,translated,,en_US_pin_recharge_label,t
2236248,other,,en_US,,Wallet Topup,Wallet Topup,,translated,,en_US_wallet_topup_label,t
2236249,other,,en_US,,Sales point Web Channel,Sales point Web Channel,,translated,,en_US_salespoint_web_channel_label,t
2236250,other,,en_US,,Enter user name,Enter user name,,translated,,en_US_login_user_name_input_placeholder,t
2236251,other,,en_US,,Enter password,Enter password,,translated,,en_US_login_password_input_placeholder,t
2236252,other,,en_US,,OR,OR,,translated,,en_US_or_label,t
2236253,other,,en_US,,Ooredoo AD,Ooredoo AD,,translated,,en_US_ooredoo_ad_label,t
2236254,other,,en_US,,Login,Login,,translated,,en_US_login_button,t
2236255,other,,en_US,,Contact information ,Contact information ,,translated,,en_US_Contact information ,t
2236256,other,,en_US,,View uploaded file,View uploaded file,,translated,,en_US_view_uploaded_file_label,t
2236257,other,,en_US,,Bundle type,Bundle type,,translated,,en_US_bundle_type_label,t
2236258,other,,en_US,,Bank Guarantee,Bank Guarantee,,translated,,en_US_bank_guarantee_label,t
2236259,other,,en_US,,Front ID,Front ID,,translated,,en_US_id_copy_front_base64_label,t
2236260,other,,en_US,,Back ID,Back ID,,translated,,en_US_id_copy_back_base64_label,t
2236261,other,,en_US,,Signature,Signature,,translated,,en_US_signature_base64_label,t
2236262,other,,en_US,,SAD,SAD,,translated,,en_US_sad_document_base64_label,t
2236263,other,,en_US,,Void vouchers,Void vouchers,,translated,,en_US_void_voucher_label,t
2236264,other,,en_US,,Voucher serial number,Voucher serial number,,translated,,en_US_voucher_serial_number_text_field,t
2236265,other,,en_US,,Allow re-print,Allow re-print,,translated,,en_US_allow_re_print_button,t
2236266,other,,en_US,,Address,Address,,translated,,en_US_address_label,t
2236267,other,,en_US,,KPI Dashboard,KPI Dashboard,,translated,,en_US_kpi_dashboard_label,t
2236268,other,,en_US,,Target Environment,Target Environment,,translated,,en_US_target_environment_label,t
2236269,other,,en_US,,Backend URL,Backend URL,,translated,,en_US_backend_url_label,t
2236270,other,,en_US,,Save and Proceed,Save and Proceed,,translated,,en_US_save_proceed_label,t
2236271,other,,en_US,,Change Environment URL ,Change Environment URL ,,translated,,en_US_change_environment_url_label,t
2236272,other,,en_US,,Channel Onboarding,Channel Onboarding,,translated,,en_US_channel_onboarding_widget_label,t
2236273,other,,en_US,,Order Number,Order Number,,translated,,en_US_order_number_label,t
2236274,other,,en_US,,Reprint Voucher,Reprint Voucher,,translated,,en_US_reprint_voucher_label,t
2236275,other,,en_US,,Enter the serial number of the void voucher you want to reprint. Reprint is allowed only once per voucher.,Enter the serial number of the void voucher you want to reprint. Reprint is allowed only once per voucher.,,translated,,en_US_reprint_voucher_description_label,t
2236276,other,,en_US,,Voucher serial number,Voucher serial number,,translated,,en_US_voucher_serial_number_text_filed,t
2236277,other,,en_US,,Confirmation,Confirmation,,translated,,en_US_confirmation_label,t
2236278,other,,en_US,,Would you like to proceed?,Would you like to proceed?,,translated,,en_US_would_you_like_to_proceed_label,t
2236279,other,,en_US,,You are about to subscribe to the,You are about to subscribe to the,,translated,,en_US_subscribe_confirmation_message,t
2236280,other,,en_US,,for,for,,translated,,en_US_for_label,t
2236281,other,,en_US,,You are about to pay,You are about to pay,,translated,,en_US_bill_payment_confirmation_message,t
2236282,other,,en_US,,towards your bill.,towards your bill.,,translated,,en_US_sec_bill_payment_confirmation_message,t
2236283,other,,en_US,,You are about to activate,You are about to activate,,translated,,en_US_cvm_confirmation_message,t
2236284,other,,en_US,,"You can search for a customer using their MSISDN, Nickname.","You can search for a customer using their MSISDN, Nickname.",,translated,,en_US_customer_recharge_search_label,t
2236285,other,,en_US,,Select Tag,Select Tag,,translated,,en_US_select_tag_label,t
2236286,other,,en_US,,Re-print,Re-print,,translated,,en_US_re_print_label,t
2235001,other,,ar_001,,One amount,مبلغ واحد,,translated,,ar_001_one_amount_label,t
2235002,other,,ar_001,,Different amount,كمية مختلفة,,translated,,ar_001_different_amount_label,t
2235006,other,,ar_001,,balance,توازن,,translated,,ar_001_balance_label,t
2235007,other,,ar_001,,Please fill the amount for each channel member,يرجى ملء المبلغ لكل عضو في القناة,,translated,,ar_001_enter_amount_for_each_channel_member_label,t
2235008,other,,ar_001,,Please fill the amount,يرجى ملء المبلغ,,translated,,ar_001_fill_the_amount_label,t
2235009,other,,ar_001,,Partial success,نجاح جزئي,,translated,,ar_001_partial_success_label,t
2235010,other,,ar_001,,channels have successfully reserved the transfer.,لقد تم حجز القنوات بنجاح للنقل.,,translated,,ar_001_channels_have_successfully_reserved_transfer,t
2235011,other,,ar_001,,Channel members did not receive,لم يتلقى أعضاء القناة,,translated,,ar_001_channel_members_did_not_receive,t
2235012,other,,ar_001,,"You can search for a customer using their MSISDN, FDN, Nickname, Account Number, or Service ID.",يمكنك البحث عن العميل باستخدام MSISDN، أو FDN، أو اللقب، أو رقم الحساب، أو معرف الخدمة.,,translated,,ar_001_bill_payment_description,t
2235013,other,,ar_001,,Bill Payment,دفع الفاتورة,,translated,,ar_001_bill_payment_title,t
2235014,other,,ar_001,,Account Number,رقم الحساب,,translated,,ar_001_account_number_label,t
2235015,other,,ar_001,,Pay Amount,مبلغ الدفع,,translated,,ar_001_pay_amount_hint_label,t
2235016,other,,ar_001,,Pay Bill,دفع الفاتورة,,translated,,ar_001_pay_bill_lable,t
2235017,other,,ar_001,,Unbilled Outstanding,مستحقات غير مفوترة,,translated,,ar_001_unbilled_outstanding_label,t
2235018,other,,ar_001,,Billed Outstanding,تم إصدار فاتورة مستحقة,,translated,,ar_001_billed_outstanding_label,t
2235019,other,,ar_001,,Overdue Outstanding,متأخرات مستحقة,,translated,,ar_001_overdue_outstanding_label,t
2235020,other,,ar_001,,Event Source,مصدر الحدث,,translated,,ar_001_event_source_text_field,t
2235021,other,,ar_001,,Technology Type,نوع التكنولوجيا,,translated,,ar_001_technology_type_label,t
2235022,other,,ar_001,,Please add a imei,الرجاء إضافة imei,,translated,,ar_001_alert_add_imei,t
2235023,other,,ar_001,,Please add a cpe,الرجاء إضافة cpe,,translated,,ar_001_alert_add_cpe,t
2235024,other,,ar_001,,Description,وصف,,translated,,ar_001_description_label,t
2235025,other,,ar_001,,There are currently no offers available  for this customer.,لا توجد عروض متاحة حاليًا لهذا العميل.,,translated,,ar_001_no_offer_available_label,t
2235026,other,,ar_001,,"You can search for a customer using their MSISDN, FDN, Nickname.",يمكنك البحث عن العميل باستخدام MSISDN، FDN، والاسم المستعار.,,translated,,ar_001_search_description_label,t
2235027,other,,ar_001,,Enter Event Source,أدخل مصدر الحدث,,translated,,ar_001_event_source_label,t
2235028,other,,ar_001,,Offer date,تاريخ العرض,,translated,,ar_001_offer_date_label,t
2235029,other,,ar_001,,CVM Offer,عرض CVM,,translated,,ar_001_cvm_offer_title_label,t
2235030,other,,ar_001,,Please enter a  event source,الرجاء إدخال مصدر الحدث,,translated,,ar_001_alert_enter_event_source,t
2235031,other,,ar_001,,Broadcast,إذاعة,,translated,,ar_001_broadcast_label,t
2235032,other,,ar_001,,PIN Recharge,إعادة شحن رقم التعريف الشخصي,,translated,,ar_001_pin_recharge_label,t
2235033,other,,ar_001,,Wallet Topup,شحن المحفظة,,translated,,ar_001_wallet_topup_label,t
2235034,other,,ar_001,,Sales point Web Channel,قناة الويب لنقطة البيع,,translated,,ar_001_salespoint_web_channel_label,t
2235035,other,,ar_001,,Enter user name,أدخل اسم المستخدم,,translated,,ar_001_login_user_name_input_placeholder,t
2235036,other,,ar_001,,Enter password,أدخل كلمة المرور,,translated,,ar_001_login_password_input_placeholder,t
2235037,other,,ar_001,,OR,أو,,translated,,ar_001_or_label,t
2235038,other,,ar_001,,Ooredoo AD,إعلان أوريدو,,translated,,ar_001_ooredoo_ad_label,t
2235039,other,,ar_001,,Login,تسجيل الدخول,,translated,,ar_001_login_button,t
2235040,other,,ar_001,,Contact information ,معلومات الاتصال,,translated,,ar_001_Contact information ,t
2235041,other,,ar_001,,View uploaded file,عرض الملف الذي تم تحميله,,translated,,ar_001_view_uploaded_file_label,t
2235042,other,,ar_001,,Bundle type,نوع الحزمة,,translated,,ar_001_bundle_type_label,t
2235043,other,,ar_001,,Bank Guarantee,ضمان بنكي,,translated,,ar_001_bank_guarantee_label,t
2235044,other,,ar_001,,Front ID,بطاقة الهوية الأمامية,,translated,,ar_001_id_copy_front_base64_label,t
2235045,other,,ar_001,,Back ID,معرف الظهر,,translated,,ar_001_id_copy_back_base64_label,t
2235046,other,,ar_001,,Signature,إمضاء,,translated,,ar_001_signature_base64_label,t
2235047,other,,ar_001,,SAD,حزين,,translated,,ar_001_sad_document_base64_label,t
2235048,other,,ar_001,,Void vouchers,قسائم باطلة,,translated,,ar_001_void_voucher_label,t
2235049,other,,ar_001,,Voucher serial number,الرقم التسلسلي للقسيمة,,translated,,ar_001_voucher_serial_number_text_field,t
2235050,other,,ar_001,,Allow re-print,السماح بإعادة الطباعة,,translated,,ar_001_allow_re_print_button,t
2235051,other,,ar_001,,Address,عنوان,,translated,,ar_001_address_label,t
2235052,other,,ar_001,,KPI Dashboard,لوحة معلومات مؤشرات الأداء الرئيسية,,translated,,ar_001_kpi_dashboard_label,t
2235053,other,,ar_001,,Target Environment,البيئة المستهدفة,,translated,,ar_001_target_environment_label,t
2235054,other,,ar_001,,Backend URL,عنوان URL الخلفي,,translated,,ar_001_backend_url_label,t
2235055,other,,ar_001,,Save and Proceed,حفظ ومتابعة,,translated,,ar_001_save_proceed_label,t
2235056,other,,ar_001,,Change Environment URL ,تغيير عنوان URL للبيئة,,translated,,ar_001_change_environment_url_label,t
2235057,other,,ar_001,,Channel Onboarding,إعداد القناة,,translated,,ar_001_channel_onboarding_widget_label,t
2235058,other,,ar_001,,Order Number,رقم الطلب,,translated,,ar_001_order_number_label,t
2235059,other,,ar_001,,Reprint Voucher,قسيمة إعادة الطباعة,,translated,,ar_001_reprint_voucher_label,t
2235060,other,,ar_001,,Enter the serial number of the void voucher you want to reprint. Reprint is allowed only once per voucher.,أدخل الرقم التسلسلي للقسيمة الملغاة التي ترغب في إعادة طباعتها. يُسمح بإعادة الطباعة مرة واحدة فقط لكل قسيمة.,,translated,,ar_001_reprint_voucher_description_label,t
2235061,other,,ar_001,,Voucher serial number,الرقم التسلسلي للقسيمة,,translated,,ar_001_voucher_serial_number_text_filed,t
2235062,other,,ar_001,,Confirmation,تأكيد,,translated,,ar_001_confirmation_label,t
2235063,other,,ar_001,,Would you like to proceed?,هل ترغب في المتابعة؟,,translated,,ar_001_would_you_like_to_proceed_label,t
2235064,other,,ar_001,,You are about to subscribe to the,أنت على وشك الاشتراك في,,translated,,ar_001_subscribe_confirmation_message,t
2235065,other,,ar_001,,for,ل,,translated,,ar_001_for_label,t
2235066,other,,ar_001,,You are about to pay,أنت على وشك الدفع,,translated,,ar_001_bill_payment_confirmation_message,t
2235067,other,,ar_001,,towards your bill.,نحو فاتورتك.,,translated,,ar_001_sec_bill_payment_confirmation_message,t
2235068,other,,ar_001,,You are about to activate,أنت على وشك التنشيط,,translated,,ar_001_cvm_confirmation_message,t
2235069,other,,ar_001,,"You can search for a customer using their MSISDN, Nickname.",يمكنك البحث عن العميل باستخدام MSISDN والاسم المستعار.,,translated,,ar_001_customer_recharge_search_label,t
2235070,other,,ar_001,,Select Tag,حدد العلامة,,translated,,ar_001_select_tag_label,t
2235071,other,,ar_001,,Re-print,إعادة الطباعة,,translated,,ar_001_re_print_label,t
2235072,other,,ar_001,,Re-print  Voucher,إعادة طباعة القسيمة,,translated,,ar_001_reprint_voucher_widget_label,t
2235073,other,,ar_001,,General Request,طلب عام,,translated,,ar_001_general_request_label,t
2235074,other,,ar_001,,Select Process,اختر العملية,,translated,,ar_001_select_process_label,t
2235075,other,,ar_001,,Process,عملية,,translated,,ar_001_process_label,t
2235076,other,,ar_001,,Please select process,الرجاء تحديد العملية,,translated,,ar_001_select_process_error_label,t
2235077,other,,ar_001,,Write a description,اكتب وصفا,,translated,,ar_001_write_a_description_label,t
2235078,other,,ar_001,,Please enter a valid ICCID,الرجاء إدخال ICCID صالح,,translated,,ar_001_enter_iccid_error_label,t
2235079,other,,ar_001,,Please enter description,الرجاء إدخال الوصف,,translated,,ar_001_enter_description_error_label,t
2235080,other,,ar_001,,Powered By,مدعوم بواسطة,,translated,,ar_001_powered_by_label,t
2235081,other,,ar_001,,Pre to Post,قبل النشر,,translated,,ar_001_pre_to_post_activation_label,t
2235082,other,,ar_001,,Pre to Post Resubmit,إعادة الإرسال قبل النشر,,translated,,ar_001_pre_to_post_resubmit_label,t
2235300,other,,en_US,,Installation Charges (NRC),Installation Charges (NRC),,translated,,en_US_summary_installation_charges_labbel,t
2235301,other,,en_US,,Place Order,Place Order,,translated,,en_US_summary_place_order_button,t
2235302,other,,en_US,,Your order number,Your order number,,translated,,en_US_alert_order_placed_title_number,t
2235303,other,,en_US,,Thank You For Ordering From Awasr,Thank You For Ordering From Awasr,,translated,,en_US_alert_thank_you_for_ordering_from_awasr_body_label,t
2235304,other,,en_US,,Your Order Number,Your Order Number,,translated,,en_US_alert_your_order_number_body_label,t
2235305,other,,en_US,,Order Placed,Order Placed,,translated,,en_US_alert_order_placed_title_label,t
2235306,other,,en_US,,"Awasr Fibrenet is available in your location.
 Click below to continue","Awasr Fibrenet is available in your location.
 Click below to continue",,translated,,en_US_alert_map_awasr_fibrenet_is_available_title_label,t
2235307,other,,en_US,,Select,Select,,translated,,en_US_alert_map_select_button,t
2235308,other,,en_US,,"Awasr Fibrenet is unavailable in your location.
 but you can pre-order the service","Awasr Fibrenet is unavailable in your location.
 but you can pre-order the service",,translated,,en_US_alert_map_awasr_fibrenet_is_unavailable_title_label,t
2235309,other,,en_US,,Pre-Order,Pre-Order,,translated,,en_US_alert_map_pre_order_button,t
2235310,other,,en_US,,Pre-Order Location,Pre-Order Location,,translated,,en_US_map_sheet_pre_order_location_title_label,t
2235311,other,,en_US,,"Dear Customer,","Dear Customer,",,translated,,en_US_map_sheet_dear_customer,t
2235312,other,,en_US,,"You have selected a pre-order location.
 Pre-ordering means that your request
 for service will be entered into our
 system and your order will take priority
 when your location is available for delivery.","You have selected a pre-order location.
 Pre-ordering means that your request
 for service will be entered into our
 system and your order will take priority
 when your location is available for delivery.",,translated,,en_US_map_sheet_you_have_selected_label,t
2235313,other,,en_US,,Continue,Continue,,translated,,en_US_map_sheet_understand_continue,t
2235314,other,,en_US,,Confirm Service Location,Confirm Service Location,,translated,,en_US_map_sheet_confirm_service_location_title_label,t
2235315,other,,en_US,,Tag:,Tag:,,translated,,en_US_map_sheet_tag_label,t
2235316,other,,en_US,,Governorate:,Governorate:,,translated,,en_US_map_sheet_governorate_label,t
2235317,other,,en_US,,Area:,Area:,,translated,,en_US_map_sheet_area_label,t
2235318,other,,en_US,,Wilayat:,Wilayat:,,translated,,en_US_map_sheet_wilayat_label,t
2235319,other,,en_US,,Confirm,Confirm,,translated,,en_US_map_sheet_confirm_button,t
2235320,other,,en_US,,Privacy Policy,Privacy Policy,,translated,,en_US_alert_privacy_policy_title_label,t
2235321,other,,en_US,,Decline,Decline,,translated,,en_US_alert_privacy_policy_decline_button,t
2235322,other,,en_US,,Accept,Accept,,translated,,en_US_alert_privacy_policy_accept_button,t
2235323,other,,en_US,,Subscribe,Subscribe,,translated,,en_US_select_plan_subscribe_button,t
2235324,other,,en_US,,Choose Photo,Choose Photo,,translated,,en_US_alert_choose_photo_title_label,t
2235325,other,,en_US,,Upload,Upload,,translated,,en_US_registration_upload_label,t
2235326,other,,en_US,,Change,Change,,translated,,en_US_registration_change_button,t
2235327,other,,en_US,,Upload New Photo,Upload New Photo,,translated,,en_US_registration_upload_new_photo_label,t
2235328,other,,en_US,,OK,OK,,translated,,en_US_alert_ok_title_button,t
2235329,other,,en_US,,Choose,Choose,,translated,,en_US_registration_choose_button,t
2235330,other,,en_US,,Total Price With Vat,Total Price With Vat,,translated,,en_US_select_addons_total_price_label,t
2235331,other,,en_US,,Remove,Remove,,translated,,en_US_select_addons_remove_button,t
2235332,other,,en_US,,This will be contract signature.,This will be contract signature.,,translated,,en_US_signature_title_label_description,t
2235333,other,,en_US,,Terms And Conditions,Terms And Conditions,,translated,,en_US_signature_terms_and_conditions,t
2235334,other,,en_US,,Next,Next,,translated,,en_US_signature_next_button,t
2235335,other,,en_US,,Password Does Not Match,Password Does Not Match,,translated,,en_US_alert_passwrod_does_not_match,t
2235336,other,,en_US,,Please enter all required fields,Please enter all required fields,,translated,,en_US_alert_please_enter_all_required_fields,t
2235337,other,,en_US,,Please Add a Signature,Please Add a Signature,,translated,,en_US_alert_please_add_a_signature,t
2235338,other,,en_US,,Please attach required files,Please attach required files,,translated,,en_US_alert_please_attach_required_files,t
2235339,other,,en_US,,Please accept privacy policy,Please accept privacy policy,,translated,,en_US_alert_please_accept_privacy_policy,t
2235340,other,,en_US,,Please Accept Terms And Conditions,Please Accept Terms And Conditions,,translated,,en_US_alert_please_accept_terms_and_conditions,t
2235341,other,,en_US,,No Signature Found,No Signature Found,,translated,,en_US_registration_no_signature_found_text_field,t
2235342,other,,en_US,,Signature,Signature,,translated,,en_US_registration_title_label,t
2235343,other,,en_US,,Save,Save,,translated,,en_US_registration_save_button,t
2235344,other,,en_US,,Upload Documents,Upload Documents,,translated,,en_US_registration_upload_documents_label,t
2235345,other,,en_US,,No Documents Found,No Documents Found,,translated,,en_US_registration_no_documents_found_text_field,t
2235346,other,,en_US,,Profile Picture,Profile Picture,,translated,,en_US_registration_profile_picture_label,t
2235347,other,,en_US,,Upload Your Photo,Upload Your Photo,,translated,,en_US_registration_upload_your_photo_text_field,t
2235348,other,,en_US,,Please Fill All Required Fields,Please Fill All Required Fields,,translated,,en_US_registration_please_fill_all_required_fields,t
2235349,other,,en_US,,Please verify your phone number,Please verify your phone number,,translated,,en_US_alert_please_verify_your_phone_number,t
2235350,other,,en_US,,Please use another alternate mobile number,Please use another alternate mobile number,,translated,,en_US_alert_please_use_another_alternate_mobile_number,t
2235351,other,,en_US,,Please enter a valid email address,Please enter a valid email address,,translated,,en_US_alert_please_enter_a_valid_email_address,t
2235352,other,,en_US,,Please enter a valid name,Please enter a valid name,,translated,,en_US_alert_please_enter_a_valid_name,t
2235353,other,,en_US,,Please turn on the GPS,Please turn on the GPS,,translated,,en_US_alert_please_turn_on_the_gps,t
2235354,other,,en_US,,English,English,,translated,,en_US_settings_english_picker,t
2235355,other,,en_US,,Arabic,Arabic,,translated,,en_US_settings_arabic_picker,t
2235356,other,,en_US,,Biometric Authentication,Biometric Authentication,,translated,,en_US_settings_biometric_authentication,t
2235357,other,,en_US,,Clear,Clear,,translated,,en_US_signature_clear_button,t
2235358,other,,en_US,,Registration,Registration,,translated,,en_US_registration_registratio_title,t
2235359,other,,en_US,,Mobile No./Account No./Email,Mobile No./Account No./Email,,translated,,en_US_bill_payment_mobile_no_account_no_email_text_field,t
2235360,other,,en_US,,Change Plan,Change Plan,,translated,,en_US_customer_subscription_change_plan,t
2235361,other,,en_US,,Registration Types,Registration Types,,translated,,en_US_registration_registration_type_title_page,t
2235362,other,,en_US,,Change Signature,Change Signature,,translated,,en_US_registration_change_signature_button,t
2235363,other,,en_US,,You Have Successfully Complete Your Payment,You Have Successfully Complete Your Payment,,translated,,en_US_you_have_successfully_message,t
2235364,other,,en_US,,Total Outstanding Amount,Total Outstanding Amount,,translated,,en_US_bill_payment_total_outstanding_amount_label,t
2235365,other,,en_US,,Pay Full Amount,Pay Full Amount,,translated,,en_US_bill_payment_pay_full_amount_label,t
2235366,other,,en_US,,Pay Differnt Amount,Pay Differnt Amount,,translated,,en_US_bill_payment_pay_differnt_amount_label,t
2235367,other,,en_US,,OMR,OMR,,translated,,en_US_bill_payment_omr_label,t
2235368,other,,en_US,,Total To Pay,Total To Pay,,translated,,en_US_bill_payment_checkout_total_to_pay_label,t
2235369,other,,en_US,,POS Terminal Name,POS Terminal Name,,translated,,en_US_bill_payment_checkout_pos_terminal_name_label,t
2235370,other,,en_US,,Status,Status,,translated,,en_US_bill_payment_checkout_status_label,t
2235371,other,,en_US,,Make Visible,Make Visible,,translated,,en_US_bill_payment_checkout_make_visible_button,t
2235372,other,,en_US,,Pay Now,Pay Now,,translated,,en_US_bill_payment_checkout_pay_now_button,t
2235373,other,,en_US,,Search Subscriptions,Search Subscriptions,,translated,,en_US_manage_subscriptions_search_subscriptions_title_lable,t
2235374,other,,en_US,,Search,Search,,translated,,en_US_manage_subscriptions_search_button,t
2235375,other,,en_US,,ID Scan,ID Scan,,translated,,en_US_manage_subscriptions_id_scan_button,t
2235376,other,,en_US,,Customer Subscriptions,Customer Subscriptions,,translated,,en_US_manage_subscriptions_title_label,t
2235377,other,,en_US,,Plan,Plan,,translated,,en_US_manage_subscriptions_plan_label,t
2235378,other,,en_US,,Change Plan,Change Plan,,translated,,en_US_manage_subscriptions_change_plan_button,t
2235379,other,,en_US,,Addons,Addons,,translated,,en_US_manage_subscriptions_addons_label,t
2235380,other,,en_US,,Remove,Remove,,translated,,en_US_manage_subscriptions_remove_button,t
2235381,other,,en_US,,Discover Addons,Discover Addons,,translated,,en_US_manage_subscriptions_discover_addons_button,t
2235382,other,,en_US,,Subscribe,Subscribe,,translated,,en_US_manage_subscriptions_subscribe_button,t
2235383,other,,en_US,,Select Plan,Select Plan,,translated,,en_US_manage_subscriptions_select_paln_title_label,t
2235384,other,,en_US,,Select The Fibernet Home Plane You Want To Install,Select The Fibernet Home Plane You Want To Install,,translated,,en_US_manage_subscriptions_select_fibernet_home_plan_label,t
2235385,other,,en_US,,Select Addons,Select Addons,,translated,,en_US_manage_subscriptions_select_addons_title_label,t
2235386,other,,en_US,,Choose Addons For Your Fibernet Plan,Choose Addons For Your Fibernet Plan,,translated,,en_US_manage_subscriptions_choose_addons_for_fibernet_labe,t
2235387,other,,en_US,,Add,Add,,translated,,en_US_manage_subscriptions_add_button,t
2235388,other,,en_US,,Next,Next,,translated,,en_US_manage_subscriptions_next_button,t
2235389,other,,en_US,,Save,Save,,translated,,en_US_manage_subscriptions_save_button,t
2235390,other,,en_US,,Add Addons,Add Addons,,translated,,en_US_manage_subscriptions_alert_add_addons_tite_label,t
2235391,other,,en_US,,Are You Sure Add Addons,Are You Sure Add Addons,,translated,,en_US_manage_subscriptions_alert_sure_add_addons_title_label,t
2235392,other,,en_US,,Yes,Yes,,translated,,en_US_manage_subscriptions_alert_yes_button,t
2235393,other,,en_US,,Addons Added,Addons Added,,translated,,en_US_manage_subscriptions_addons_added_title_label,t
2235394,other,,en_US,,Addons Added Successfully,Addons Added Successfully,,translated,,en_US_manage_subscriptions_addons_added_successfully_label,t
2235395,other,,en_US,,Done,Done,,translated,,en_US_manage_subscriptions_done_button,t
2235396,other,,en_US,,Total Price,Total Price,,translated,,en_US_summary_total_price_label,t
2235397,other,,en_US,,Existing Customer,Existing Customer,,translated,,en_US_customer_details_exisiting_customer_label,t
2235398,other,,en_US,,New Customer,New Customer,,translated,,en_US_customer_details_new_customer_label,t
2235399,other,,en_US,,OMR,OMR,,translated,,en_US_home_currency_label,t
2235400,other,,en_US,,Commission Reports,Commission Reports,,translated,,en_US_commission_reports_title_label,t
2235401,other,,en_US,,All,All,,translated,,en_US_commission_reports_all_label,t
2235402,other,,en_US,,Ordering,Ordering,,translated,,en_US_commission_reports_ordering_label,t
2235403,other,,en_US,,Upgrade,Upgrade,,translated,,en_US_commission_reports_upgrade_label,t
2235404,other,,en_US,,Bill Payment,Bill Payment,,translated,,en_US_commission_reports_bill_payment_label,t
2235405,other,,en_US,,Billing,Billing,,translated,,en_US_commission_reports_billing_label,t
2235406,other,,en_US,,Total Commission,Total Commission,,translated,,en_US_commission_reports_total_commission_label,t
2235407,other,,en_US,,Pay Out,Pay Out,,translated,,en_US_commission_reports_pay_out_label,t
2235408,other,,en_US,,Due Amount,Due Amount,,translated,,en_US_commission_reports_due_amount_label,t
2235409,other,,en_US,,Payout,Payout,,translated,,en_US_commission_reports_payout_button,t
2235410,other,,en_US,,Target Vs Achievement,Target Vs Achievement,,translated,,en_US_commission_reports_target_vs_achievement_button,t
2235532,other,,en_US,,Delivery Status,Delivery Status,,translated,,en_US_delivery_status_label,t
2235533,other,,en_US,,Denomination,Denomination,,translated,,en_US_denomination_hint_label,t
2235534,other,,en_US,,Recharge Type,Recharge Type,,translated,,en_US_recharge_type_hint_label,t
2235535,other,,en_US,,Mobile No./Nickname,Mobile No./Nickname,,translated,,en_US_no_nick_name_hint_label,t
2235536,other,,en_US,,Amount,Amount,,translated,,en_US_amount_hint_label,t
2235537,other,,en_US,,Pin,Pin,,translated,,en_US_pin_hint_label,t
2235538,other,,en_US,,Next,Next,,translated,,en_US_next_button_label,t
2235539,other,,en_US,,Search Now,Search Now,,translated,,en_US_search_now_hint_label,t
2235540,other,,en_US,,Order Status,Order Status,,translated,,en_US_order_status_label,t
2235541,other,,en_US,,Product,Product,,translated,,en_US_product_hint_label,t
2235542,other,,en_US,,Channel Member,Channel Member,,translated,,en_US_channel_member_label,t
2235543,other,,en_US,,Visit Name,Visit Name,,translated,,en_US_visit_name_label,t
2235544,other,,en_US,,Assigned To,Assigned To,,translated,,en_US_assigned_to_label,t
2235545,other,,en_US,,Date From,Date From,,translated,,en_US_date_from_label,t
2235546,other,,en_US,,Date To,Date To,,translated,,en_US_date_to_label,t
2235547,other,,en_US,,Steps of call,Steps of call,,translated,,en_US_steps_of_call_label,t
2235548,other,,en_US,,Is Recurring ?,Is Recurring ?,,translated,,en_US_is_recurring_label,t
2235549,other,,en_US,,Channel Members,Channel Members,,translated,,en_US_channel_members_label,t
2235550,other,,en_US,,View Map,View Map,,translated,,en_US_view_map_button,t
2235551,other,,en_US,,Members Visit,Members Visit,,translated,,en_US_member_visit_label,t
2235552,other,,en_US,,Target,Target,,translated,,en_US_target_label,t
2235553,other,,en_US,,Go To Location,Go To Location,,translated,,en_US_go_to_location_button,t
2235554,other,,en_US,,Name,Name,,translated,,en_US_name_label,t
2235555,other,,en_US,,Location,Location,,translated,,en_US_location_label,t
2235556,other,,en_US,,Profile Image,Profile Image,,translated,,en_US_profile_image_label,t
2235557,other,,en_US,,Select Channel Member,Select Channel Member,,translated,,en_US_select_channe_member_title_label,t
2235558,other,,en_US,,Channel Member,Channel Member,,translated,,en_US_channel_member_text_field,t
2235559,other,,en_US,,New Order,New Order,,translated,,en_US_new_order_title_label,t
2235560,other,,en_US,,Manage,Manage,,translated,,en_US_manage_label,t
2235561,other,,en_US,,Build Your Own,Build Your Own,,translated,,en_US_build_your_own_segment_control_title,t
2235562,other,,en_US,,Predefined,Predefined,,translated,,en_US_pedefined_segment_control_title,t
2235563,other,,en_US,,Activate,Activate,,translated,,en_US_activate_button,t
2235564,other,,en_US,,Temp NO,Temp NO,,translated,,en_US_temp_no_text_field,t
2235565,other,,en_US,,Port In No,Port In No,,translated,,en_US_port_in_no,t
2235566,other,,en_US,,Donor,Donor,,translated,,en_US_donor,t
2235567,other,,en_US,,Minutes,Minutes,,translated,,en_US_minutes_label,t
2235568,other,,en_US,,GB,GB,,translated,,en_US_gb_label,t
2235569,other,,en_US,,Internet,Internet,,translated,,en_US_internet_label,t
2235570,other,,en_US,,Local,Local,,translated,,en_US_local_label,t
2235571,other,,en_US,,Reject,Reject,,translated,,en_US_reject_label,t
2235572,other,,en_US,,Reject Reason,Reject Reason,,translated,,en_US_reject_reason_label,t
2235573,other,,en_US,,Approve,Approve,,translated,,en_US_approve_label,t
2235574,other,,en_US,,Approved,Approved,,translated,,en_US_approved_label,t
2235575,other,,en_US,,All channel members,All channel members,,translated,,en_US_all_channel_label,t
2235576,other,,en_US,,Your Privacy Policy goes here,Your Privacy Policy goes here,,translated,,en_US_privacy_policy_goes_label,t
2235577,other,,en_US,,No Member Result,No Member Result,,translated,,en_US_member_result_label,t
2235578,other,,en_US,,Order date :,Order date :,,translated,,en_US_order_date_label,t
2235579,other,,en_US,,Open Settings,Open Settings,,translated,,en_US_open_settings_label,t
2235580,other,,en_US,,Payment Method,Payment Method,,translated,,en_US_payment_method_label,t
2235581,other,,en_US,,Cash,Cash,,translated,,en_US_cash_label,t
2235582,other,,en_US,,POS,POS,,translated,,en_US_pos_label,t
2235583,other,,en_US,,Confirm Payment,Confirm Payment,,translated,,en_US_confirm_payment_label,t
2235584,other,,en_US,,Add Visit Results,Add Visit Results,,translated,,en_US_visit_results_label,t
2235585,other,,en_US,,Quantity :,Quantity :,,translated,,en_US_quantity_label,t
2235586,other,,en_US,,No Visits,No Visits,,translated,,en_US_no_visit_label,t
2235587,other,,en_US,,Introducing a new leading point product sales app,Introducing a new leading point product sales app,,translated,,en_US_new_leading_point_product_label,t
2235588,other,,en_US,,Stocks,Stocks,,translated,,en_US_stocks_label,t
2235589,other,,en_US,,Visit has started,Visit has started,,translated,,en_US_visit_started_label,t
2235590,other,,en_US,,Basic,Basic,,translated,,en_US_basic_label,t
2235591,other,,en_US,,Mbps,Mbps,,translated,,en_US_mbps_label,t
2235592,other,,en_US,,Visit Purpose,Visit Purpose,,translated,,en_US_visit_purpose_hint_label,t
2235593,other,,en_US,,Visit Date,Visit Date,,translated,,en_US_visit_date_hint_label,t
2235594,other,,en_US,,Survey,Survey,,translated,,en_US_survey_hint_label,t
2235595,other,,en_US,,Surveyed By,Surveyed By,,translated,,en_US_surveyed_by_hint_label,t
2235596,other,,en_US,,Visit Results,Visit Results,,translated,,en_US_visit_results_hint_label,t
2235597,other,,en_US,,Select Reason,Select Reason,,translated,,en_US_select_reason_hint_label,t
2235598,other,,en_US,,Start Range,Start Range,,translated,,en_US_start_range_hint_label,t
2235599,other,,en_US,,End Range,End Range,,translated,,en_US_end_range_hint_label,t
2235600,other,,en_US,,SIM Code,SIM Code,,translated,,en_US_sim_code_hint_label,t
2235601,other,,en_US,,Serial Number,Serial Number,,translated,,en_US_serial_number_hint_label,t
2235602,other,,en_US,,Cycle,Cycle,,translated,,en_US_cycle_hint_label,t
2235603,other,,en_US,,Intl.,Intl.,,translated,,en_US_intl_label,t
2235604,other,,en_US,,Need Your Location,Need Your Location,,translated,,en_US_need_your_location_label,t
2235605,other,,en_US,,Please Enable Your Location To Continue,Please Enable Your Location To Continue,,translated,,en_US_enable_location_label,t
2235606,other,,en_US,,Please Check Your Internet Connection And Try Again,Please Check Your Internet Connection And Try Again,,translated,,en_US_check_internet_connection_label,t
2235607,other,,en_US,,"Location permission needed, please allow it from settings","Location permission needed, please allow it from settings",,translated,,en_US_location_permission_needed_label,t
2235608,other,,en_US,,Manage addons,Manage addons,,translated,,en_US_manage_addons_label,t
2235609,other,,en_US,,Request Type,Request Type,,translated,,en_US_request_type_label,t
2235610,other,,en_US,,Notifications,Notifications,,translated,,en_US_notifications_label,t
2235611,other,,en_US,,Inbox,Inbox,,translated,,en_US_inbox_label,t
2235612,other,,en_US,,Scan Serial Number,Scan Serial Number,,translated,,en_US_scan_serial_number,t
2235613,other,,en_US,,Visit Results Survey,Visit Results Survey,,translated,,en_US_visit_results_survey_label,t
2235614,other,,en_US,,Range,Range,,translated,,en_US_range_label,t
2235615,other,,en_US,,Item by Item,Item by Item,,translated,,en_US_item_by_item_label,t
2235616,other,,en_US,,Something went wrong,Something went wrong,,translated,,en_US_something_wrong_label,t
2235617,other,,en_US,,Please Select Valid Dates,Please Select Valid Dates,,translated,,en_US_select_valid_dates_label,t
2235618,other,,en_US,,Name:,Name:,,translated,,en_US_name_channel_members_label,t
2235619,other,,en_US,,Area:,Area:,,translated,,en_US_area_channel_members_label,t
2235620,other,,en_US,,Location:,Location:,,translated,,en_US_location_channel_members_label,t
2235621,other,,en_US,,Welcome to,Welcome to,,translated,,en_US_welcome_to_label,t
2235622,other,,en_US,,Sales Point,Sales Point,,translated,,en_US_sales_point_label,t
2235623,other,,en_US,,"Are You Sure You Want
 To Cancel Order?","Are You Sure You Want
 To Cancel Order?",,translated,,en_US_are_you_sure_cancel_order,t
2235624,other,,en_US,,Start,Start,,translated,,en_US_start_label,t
2235625,other,,en_US,,"Something went wrong, Please try again","Something went wrong, Please try again",,translated,,en_US_something_went_wrong_label,t
2235626,other,,en_US,,"Your Password Has Been Reset
 Successfully","Your Password Has Been Reset
 Successfully",,translated,,en_US_password_reset_successfully,t
2235702,other,,en_US,,CPE IMEI,CPE IMEI,,translated,,en_US_cpe_imei_label,t
2235703,other,,en_US,,User ID,User ID,,translated,,en_US_user_id_label,t
2235704,other,,en_US,,"Welcome,","Welcome,",,translated,,en_US_welcome_home_dashboard_label,t
2235705,other,,en_US,,Added,Added,,translated,,en_US_added_label,t
2235706,other,,en_US,,Sales Dashboard,Sales Dashboard,,translated,,en_US_sales_dashboard_label,t
2235707,other,,en_US,,Customer orders,Customer orders,,translated,,en_US_customer_orders_label,t
2235708,other,,en_US,,Contract No.,Contract No.,,translated,,en_US_contract_no_label,t
2235709,other,,en_US,,Contract Status,Contract Status,,translated,,en_US_contract_status_label,t
2235710,other,,en_US,,Contract Start Date,Contract Start Date,,translated,,en_US_contract_start_date_label,t
2235711,other,,en_US,,Contract End Date,Contract End Date,,translated,,en_US_contract_end_date_label,t
2235712,other,,en_US,,Services address,Services address,,translated,,en_US_services_address_label,t
2235713,other,,en_US,,Account info,Account info,,translated,,en_US_account_info_label,t
2235714,other,,en_US,,Location ID,Location ID,,translated,,en_US_location_id_label,t
2235715,other,,en_US,,Plan price,Plan price,,translated,,en_US_plan_price_label,t
2235716,other,,en_US,,Update,Update,,translated,,en_US_update_label,t
2235717,other,,en_US,,Update App Available,Update App Available,,translated,,en_US_update_app_available_label,t
2235718,other,,en_US,,Region:,Region:,,translated,,en_US_region_label,t
2235719,other,,en_US,,Region *,Region *,,translated,,en_US_region_required_label,t
2235720,other,,en_US,,vat included,vat included,,translated,,en_US_plan_vat_included_label,t
2235721,other,,en_US,,Thank you For Ordering,Thank you For Ordering,,translated,,en_US_thank_you_for_ordering_label,t
2235722,other,,en_US,,E-Topup report,E-Topup report,,translated,,en_US_home_e_topup_report_label,t
2235723,other,,en_US,,Share,Share,,translated,,en_US_share_button,t
2235724,other,,en_US,,Operater,Operater,,translated,,en_US_e_voucher_operater_text_field,t
2235725,other,,en_US,,Number of vouchers,Number of vouchers,,translated,,en_US_e_voucher_number_of_vouchers_text_field,t
2235726,other,,en_US,,Prepaid Activation Request Has Been Sent,Prepaid Activation Request Has Been Sent,,translated,,en_US_prepaid_activation_request_message_label,t
2235727,other,,en_US,,Port In request sent successfully,Port In request sent successfully,,translated,,en_US_port_in_request_message_label,t
2235728,other,,en_US,,SIM Replacement Request Has Been Sent,SIM Replacement Request Has Been Sent,,translated,,en_US_sim_replacement_request_message_label,t
2235729,other,,en_US,,Return All,Return All,,translated,,en_US_return_all_button,t
2235730,other,,en_US,,Stocks Quantity,Stocks Quantity,,translated,,en_US_stocks_quantity_label,t
2235731,other,,en_US,,Recur Every,Recur Every,,translated,,en_US_recur_every_label,t
2235732,other,,en_US,,"Please Fill (Assigned To) First""","Please Fill (Assigned To) First""",,translated,,en_US_fill_assigned_to_message_label,t
2235733,other,,en_US,,Reschedule,Reschedule,,translated,,en_US_reschedule_button,t
2235734,other,,en_US,,Date & Time ,Date & Time ,,translated,,en_US_date_time_lable,t
2235735,other,,en_US,,Expiry Date,Expiry Date,,translated,,en_US_expiry_date_label,t
2235736,other,,en_US,,Print as receipt,Print as receipt,,translated,,en_US_print_as_receipt_label,t
2235737,other,,en_US,,Print as voucher,Print as voucher,,translated,,en_US_print_as_voucher_label,t
2235738,other,,en_US,,to pre-order or you can choose fixed 4/5G.,to pre-order or you can choose fixed 4/5G.,,translated,,en_US_hpp_map_to_preorder_label,t
2235739,other,,en_US,,Plans,Plans,,translated,,en_US_plans_label,t
2235740,other,,en_US,,E-wallet balance (OMR),E-wallet balance (OMR),,translated,,en_US_e_wallet_balance_label,t
2235741,other,,en_US,,Preferred language,Preferred language,,translated,,en_US_preferred_language_label,t
2235742,other,,en_US,,Sales Person,Sales Person,,translated,,en_US_sales_person_label,t
2235743,other,,en_US,,Plan Type,Plan Type,,translated,,en_US_plan_type_label,t
2235744,other,,en_US,,Offers,Offers,,translated,,en_US_offers_label,t
2235745,other,,en_US,,Current SIM Code,Current SIM Code,,translated,,en_US_current_sim_code_label,t
2235746,other,,en_US,,SIM Details,SIM Details,,translated,,en_US_sim_details_label,t
2235747,other,,en_US,,Documents,Documents,,translated,,en_US_documents_label,t
2235748,other,,en_US,,Replacement reason,Replacement reason,,translated,,en_US_replacement_reason_label,t
2235749,other,,en_US,,Prepaid fulfilment,Prepaid fulfilment,,translated,,en_US_prepaid_fulfilment_label,t
2235750,other,,en_US,,Passport,Passport,,translated,,en_US_passport_label,t
2235751,other,,en_US,,Customer ID,Customer ID,,translated,,en_US_customer_id_label,t
2235752,other,,en_US,,Number Type,Number Type,,translated,,en_US_number_type_label,t
2235753,other,,en_US,,Vanity Amount,Vanity Amount,,translated,,en_US_vanity_amount_label,t
2235754,other,,en_US,,Digital Offers,Digital Offers,,translated,,en_US_digital_offers_label,t
2235755,other,,en_US,,Recharge amount (OMR),Recharge amount (OMR),,translated,,en_US_recharge_amount_label,t
2235756,other,,en_US,,SIM Information,SIM Information,,translated,,en_US_sim_information_label,t
2235757,other,,en_US,,Please enter customer ID or You can scan it,Please enter customer ID or You can scan it,,translated,,en_US_enter_customer_label,t
2235758,other,,en_US,,Please enter MSISDN,Please enter MSISDN,,translated,,en_US_please_enter_msisdn_label,t
2235759,other,,en_US,,Electricity Account number,Electricity Account number,,translated,,en_US_electricity_account_number_label,t
2235760,other,,en_US,,Contact Number,Contact Number,,translated,,en_US_contact_number_label,t
2235761,other,,en_US,,Contact Information,Contact Information,,translated,,en_US_contact_information_label,t
2235762,other,,en_US,,Third Name,Third Name,,translated,,en_US_third_name_label,t
2235763,other,,en_US,,Customer Language,Customer Language,,translated,,en_US_customer_language_label,t
2235764,other,,en_US,,Second name,Second name,,translated,,en_US_second_name_label,t
2235832,other,,en_US,,Custom Plan,Custom Plan,,translated,,en_US_custom_plan_label,t
2235833,other,,en_US,,One time,One time,,translated,,en_US_one_time_label,t
2235834,other,,en_US,,Auto renewal,Auto renewal,,translated,,en_US_auto_renewal_label,t
2235835,other,,en_US,,MIN,MIN,,translated,,en_US_min_label,t
2235836,other,,en_US,,MB,MB,,translated,,en_US_mb_label,t
2235837,other,,en_US,,All add-ons,All add-ons,,translated,,en_US_all_addons_label,t
2235838,other,,en_US,,Deselect,Deselect,,translated,,en_US_deselect_button_label,t
2235839,other,,en_US,,Installment amount (OMR),Installment amount (OMR),,translated,,en_US_installment_amount_label,t
2235840,other,,en_US,,Vanity amount (OMR),Vanity amount (OMR),,translated,,en_US_vanity_omr_label,t
2235841,other,,en_US,,Deposit amount (OMR),Deposit amount (OMR),,translated,,en_US_deposit_omr_label,t
2235842,other,,en_US,,Due amount with 5% VAT,Due amount with 5% VAT,,translated,,en_US_due_vat_label,t
2235843,other,,en_US,,Billing address,Billing address,,translated,,en_US_billing_address_label,t
2235844,other,,en_US,,City,City,,translated,,en_US_city_label,t
2235845,other,,en_US,,P O BOX,P O BOX,,translated,,en_US_pobox_label,t
2235846,other,,en_US,,PC code,PC code,,translated,,en_US_pc_code_label,t
2235847,other,,en_US,,Physical address,Physical address,,translated,,en_US_physical_address_label,t
2235848,other,,en_US,,walleye,walleye,,translated,,en_US_walleye_label,t
2235849,other,,en_US,,region,region,,translated,,en_US_region_new_label,t
2235850,other,,en_US,,Locality,Locality,,translated,,en_US_locality_label,t
2235851,other,,en_US,,way number,way number,,translated,,en_US_way_number_label,t
2235852,other,,en_US,,House/flat number,House/flat number,,translated,,en_US_house_number_label,t
2235853,other,,en_US,,Land mark,Land mark,,translated,,en_US_land_mark_label,t
2235854,other,,en_US,,New address,New address,,translated,,en_US_new_address_label,t
2235855,other,,en_US,,Phone number,Phone number,,translated,,en_US_phone_label,t
2235856,other,,en_US,,Email,Email,,translated,,en_US_email_label,t
2235857,other,,en_US,,Is billing Email,Is billing Email,,translated,,en_US_is_billing_email_label,t
2235858,other,,en_US,,Contact,Contact,,translated,,en_US_contact_label,t
2235859,other,,en_US,,Subscription agreement,Subscription agreement,,translated,,en_US_subscription_agreement_label,t
2235860,other,,en_US,,Add contact,Add contact,,translated,,en_US_add_contact_label,t
2235861,other,,en_US,,Collateral type,Collateral type,,translated,,en_US_collateral_type_label,t
2235862,other,,en_US,,Show contract,Show contract,,translated,,en_US_show_contract_label,t
2235863,other,,en_US,,Upgrade/new connection,Upgrade/new connection,,translated,,en_US_upgrade_new_connection_label,t
2235864,other,,en_US,,Buy a new connection,Buy a new connection,,translated,,en_US_buy_new_connection_label,t
2235865,other,,en_US,,Change technology,Change technology,,translated,,en_US_change_technology_label,t
2235866,other,,en_US,,Extra bonus data,Extra bonus data,,translated,,en_US_extra_bonus_label,t
2235867,other,,en_US,,Internet roaming ,Internet roaming ,,translated,,en_US_internet_roaming_label,t
2235868,other,,en_US,,Voice local,Voice local,,translated,,en_US_voice_local_label,t
2235869,other,,en_US,,Tag,Tag,,translated,,en_US_tag_label,t
2235870,other,,en_US,,Postpaid fulfilment,Postpaid fulfilment,,translated,,en_US_postpaid_fulfillment_label,t
2235871,other,,en_US,,Port In number,Port In number,,translated,,en_US_port_in_number_label,t
2235872,other,,en_US,,Current charging type,Current charging type,,translated,,en_US_current_charging_label,t
2235873,other,,en_US,,Select MSISDN,Select MSISDN,,translated,,en_US_select_msisdn_label,t
2235874,other,,en_US,,Renewal,Renewal,,translated,,en_US_renewal_label,t
2235875,other,,en_US,,Traceable,Traceable,,translated,,en_US_tracable_label,t
2235876,other,,en_US,,Additional remarks,Additional remarks,,translated,,en_US_additional_remark_label,t
2235877,other,,en_US,,Contract,Contract,,translated,,en_US_contract_label,t
2235878,other,,en_US,,Total (OMR),Total (OMR),,translated,,en_US_total_omr_label,t
2235879,other,,en_US,,* Capture bank statement from the last 3 months that reflects customer’s monthly income,* Capture bank statement from the last 3 months that reflects customer’s monthly income,,translated,,en_US_important_first_statement_label,t
2235880,other,,en_US,,* Name in the bank statement should match ID,* Name in the bank statement should match ID,,translated,,en_US_important_second_statement_label,t
2235881,other,,en_US,,Pay monthly,Pay monthly,,translated,,en_US_pay_monthly_label,t
2235882,other,,en_US,,Vanity level,Vanity level,,translated,,en_US_vanity_level_label,t
2235883,other,,en_US,,Refill MSISDN,Refill MSISDN,,translated,,en_US_refill_msisdn_label,t
2235884,other,,en_US,,Device info,Device info,,translated,,en_US_device_info_label,t
2235885,other,,en_US,,Device ID,Device ID,,translated,,en_US_device_id_label,t
2235886,other,,en_US,,Android version,Android version,,translated,,en_US_android_version_label,t
2235887,other,,en_US,,Device model,Device model,,translated,,en_US_device_model_label,t
2235888,other,,en_US,,Register device,Register device,,translated,,en_US_register_device_label,t
2235889,other,,en_US,,Imei,Imei,,translated,,en_US_imei_device_registration_label,t
2235890,other,,en_US,,Activate device,Activate device,,translated,,en_US_activate_device_label,t
2235891,other,,en_US,,Unknown,Unknown,,translated,,en_US_unknown_label,t
2235892,other,,en_US,,Prepaid PortIn fulfilment,Prepaid PortIn fulfilment,,translated,,en_US_prepaid_port_fulfillment_label,t
2235893,other,,en_US,,Postpaid PortIn fulfilment,Postpaid PortIn fulfilment,,translated,,en_US_postpaid_port_fulfillment_label,t
2235894,other,,en_US,,E-Wallet,E-Wallet,,translated,,en_US_e_wallet_label,t
2235895,other,,en_US,,Total due amount,Total due amount,,translated,,en_US_total_due_amount_label,t
2235896,other,,en_US,,Recharge details,Recharge details,,translated,,en_US_recharge_details_label,t
2235897,other,,en_US,,Dealer account,Dealer account,,translated,,en_US_dealer_account_label,t
2235898,other,,en_US,,Recharge,Recharge,,translated,,en_US_recharge_label,t
2235899,other,,en_US,,Recharge amount,Recharge amount,,translated,,en_US_recharge_wallet_label,t
2235900,other,,en_US,,Dealer recharge,Dealer recharge,,translated,,en_US_dealer_recharge_label,t
2235901,other,,en_US,,Customer recharge,Customer recharge,,translated,,en_US_customer_recharge_label,t
2235902,other,,en_US,,Resubmit,Resubmit,,translated,,en_US_resubmit_label,t
2235903,other,,en_US,,Resubmit Success,Resubmit Success,,translated,,en_US_resubmit_success_label,t
2235904,other,,en_US,,Select bundle,Select bundle,,translated,,en_US_select_a_bundle_label,t
2235905,other,,en_US,,Prepaid Resubmit,Prepaid Resubmit,,translated,,en_US_prepaid_resubmit_label,t
2235906,other,,en_US,,Postpaid Resubmit,Postpaid Resubmit,,translated,,en_US_postpaid_resubmit_label,t
2235907,other,,en_US,,Ooredoo recharge card,Ooredoo recharge card,,translated,,en_US_ooredoo_recharge_card_label,t
2235908,other,,en_US,,E-reload wallet,E-reload wallet,,translated,,en_US_e_reload_wallet_label,t
2235909,other,,en_US,,Fulfilment,Fulfilment,,translated,,en_US_fulfillment_label,t
2235910,other,,en_US,,HBB,HBB,,translated,,en_US_hbb_label,t
2235911,other,,en_US,,Forget password,Forget password,,translated,,en_US_forget_password_title_label,t
2235912,other,,en_US,,Enter your user name,Enter your user name,,translated,,en_US_enter_your_user_name_label,t
2235913,other,,en_US,,New password,New password,,translated,,en_US_new_password_label,t
2235914,other,,en_US,,Enter new password,Enter new password,,translated,,en_US_enter_new_password_text_field,t
2235915,other,,en_US,,Confirm new password,Confirm new password,,translated,,en_US_confirm_new_password_text_field,t
2235916,other,,en_US,,Change password,Change password,,translated,,en_US_change_password_button,t
2235917,other,,en_US,,Select type,Select type,,translated,,en_US_select_type_label,t
2235918,other,,en_US,,IOS version,IOS version,,translated,,en_US_ios_version_label,t
2235919,other,,en_US,,Imei,Imei,,translated,,en_US_imei_label_,t
2235920,other,,en_US,,Physical-SIM,Physical-SIM,,translated,,en_US_physical_sim_prepaid_label,t
2235921,other,,en_US,,E-SIM,E-SIM,,translated,,en_US_e_sim_prepaid_label,t
2235922,other,,en_US,,Predefined plan,Predefined plan,,translated,,en_US_predefined_plan_label,t
2235923,other,,en_US,,Edit,Edit,,translated,,en_US_edit_label,t
2235924,other,,en_US,,Selected add-ons,Selected add-ons,,translated,,en_US_selected_add_ons_label,t
2235925,other,,en_US,,Voice add-ons,Voice add-ons,,translated,,en_US_voice_add_ons_label,t
2235926,other,,en_US,,E Top-up,E Top-up,,translated,,en_US_e_top_up_title_label,t
2235927,other,,en_US,,Enter amount,Enter amount,,translated,,en_US_enter_amount_text_field,t
2235928,other,,en_US,,Select product,Select product,,translated,,en_US_select_product_text_field,t
2235929,other,,en_US,,Mobile number,Mobile number,,translated,,en_US_mobile_number_e_reload_label,t
2235930,other,,en_US,,Your transaction was done successfully,Your transaction was done successfully,,translated,,en_US_transaction_was_done_successfully_label,t
2235931,other,,en_US,,Select Operator,Select Operator,,translated,,en_US_select_operator_label,t
2235932,other,,en_US,,Enter number of voucher,Enter number of voucher,,translated,,en_US_enter_number_of_voucher_label,t
2235933,other,,en_US,,Ooredoo Salespoint,Ooredoo Salespoint,,translated,,en_US_ooredoo_salespoint_title,t
2235934,other,,en_US,,E-Topup,E-Topup,,translated,,en_US_e_topup_export_pdf_title_label,t
2235935,other,,en_US,,Transaction details,Transaction details,,translated,,en_US_transaction_details_title_label,t
2235936,other,,en_US,,E-wallet balance,E-wallet balance,,translated,,en_US_e_wallet_balance_customer_recharge_label,t
2235937,other,,en_US,,Transaction Success!,Transaction Success!,,translated,,en_US_transaction_success_label,t
2235938,other,,en_US,,Dealer username,Dealer username,,translated,,en_US_dealer_username_text_field,t
2235939,other,,en_US,,Stock return,Stock return,,translated,,en_US_stock_return_activity_label,t
2235940,other,,en_US,,Purchase order,Purchase order,,translated,,en_US_purchase_order_activity_label,t
2235941,other,,en_US,,SIM replacement,SIM replacement,,translated,,en_US_sim_replacement_activity_label,t
2235942,other,,en_US,, Fulfilment, Fulfilment,,translated,,en_US_fulfilment_activity_label,t
2235943,other,,en_US,,Port IN,Port IN,,translated,,en_US_port_in_activity_label,t
2235944,other,,en_US,,Dealer report,Dealer report,,translated,,en_US_commission_report_activity_label,t
2235945,other,,en_US,,language,language,,translated,,en_US_language_settings_text_field,t
2235946,other,,en_US,,version,version,,translated,,en_US_version_settings_label,t
2235947,other,,en_US,,Stock Management,Stock Management,,translated,,en_US_stock_management_services_label,t
2235948,other,,en_US,,Log out,Log out,,translated,,en_US_log_out_label,t
2235949,other,,en_US,,Notification,Notification,,translated,,en_US_notification_title_label,t
2235950,other,,en_US,,Personal information,Personal information,,translated,,en_US_personal_information_label,t
2235951,other,,en_US,,ID number,ID number,,translated,,en_US_id_number_text_field,t
2235952,other,,en_US,,Title,Title,,translated,,en_US_title_text_field,t
2235953,other,,en_US,,First name,First name,,translated,,en_US_first_name_text_filed,t
2235954,other,,en_US,,Third name,Third name,,translated,,en_US_third_name_text_field,t
2235955,other,,en_US,,Last name,Last name,,translated,,en_US_last_name_text_field,t
2235956,other,,en_US,,Gender,Gender,,translated,,en_US_gender_text_field,t
2235957,other,,en_US,,Nationality,Nationality,,translated,,en_US_nationality_text_field,t
2235958,other,,en_US,,Date of birth,Date of birth,,translated,,en_US_date_of_birth_text_field,t
2235959,other,,en_US,,Electricity account number,Electricity account number,,translated,,en_US_electricity_account_number_text_field,t
2235960,other,,en_US,,Email Address,Email Address,,translated,,en_US_email_address_text_field,t
2235961,other,,en_US,,ID type,ID type,,translated,,en_US_id_type_text_field,t
2235962,other,,en_US,,Try again,Try again,,translated,,en_US_try_again_label,t
2236122,other,,en_US,,Performance at glance,Performance at glance,,translated,,en_US_performance_glance_title,t
2236123,other,,en_US,,Import document,Import document,,translated,,en_US_import_documents_label,t
2236124,other,,en_US,,Please choose a smaller file,Please choose a smaller file,,translated,,en_US_size_limit_warning_label,t
2236125,other,,en_US,,File size exceeds the limit. Please choose a smaller file.,File size exceeds the limit. Please choose a smaller file.,,translated,,en_US_file_size_exceeds_limit_label,t
2236126,other,,en_US,,Sent,Sent,,translated,,en_US_sent_label,t
2236127,other,,en_US,,Message content,Message content,,translated,,en_US_message_content_label,t
2236128,other,,en_US,,Voice note,Voice note,,translated,,en_US_voice_note_label,t
2236129,other,,en_US,,Recipient,Recipient,,translated,,en_US_recipient_label,t
2236130,other,,en_US,,Select All,Select All,,translated,,en_US_select_all_label,t
2236131,other,,en_US,,View survey,View survey,,translated,,en_US_view_survey_label,t
2236132,other,,en_US,,Send Broadcast,Send Broadcast,,translated,,en_US_send_broadcast_label,t
2236133,other,,en_US,,Please add At least one result for each channel member,Please add At least one result for each channel member,,translated,,en_US_please_add_at_least_one_result_for_each_member_label,t
2236134,other,,en_US,,Result title,Result title,,translated,,en_US_result_title_label,t
2236135,other,,en_US,,Your broadcast has been sent successfully,Your broadcast has been sent successfully,,translated,,en_US_broadcast_success_message_label,t
2236136,other,,en_US,,Please select at least one channel member,Please select at least one channel member,,translated,,en_US_select_channel_member_warning,t
2236137,other,,en_US,,Please type a message to send,Please type a message to send,,translated,,en_US_add_broadcast_message_warning,t
2236138,other,,en_US,,No Location,No Location,,translated,,en_US_no_location_label,t
2236139,other,,en_US,,Enter your message here,Enter your message here,,translated,,en_US_enter_your_message_label,t
2236140,other,,en_US,,Write a message,Write a message,,translated,,en_US_write_a_message_label,t
2236141,other,,en_US,,Attach file,Attach file,,translated,,en_US_attach_file_label,t
2236142,other,,en_US,,Upload file,Upload file,,translated,,en_US_upload_file_label,t
2236143,other,,en_US,,press to start recording,press to start recording,,translated,,en_US_press_to_start_recording_label,t
2235196,other,,en_US,,Reset Password,Reset Password,,translated,,en_US_create_new_password_reset_password_button,t
2235197,other,,en_US,,Your Password Has Been Reset Successfully,Your Password Has Been Reset Successfully,,translated,,en_US_create_new_password_reset_successfully,t
2235198,other,,en_US,,Ordering,Ordering,,translated,,en_US_home_ordering_label,t
2235199,other,,en_US,,Bill Payment,Bill Payment,,translated,,en_US_home_bill_payment_label,t
2235200,other,,en_US,,Commission Reports,Commission Reports,,translated,,en_US_home_commission_report_label,t
2235201,other,,en_US,,Manage Subscription,Manage Subscription,,translated,,en_US_home_manage_subscription_label,t
2235202,other,,en_US,,Achievement To Next Badge,Achievement To Next Badge,,translated,,en_US_home_achievement_to_next_badge_label,t
2235203,other,,en_US,,Achieved Orders,Achieved Orders,,translated,,en_US_home_achieved_orders_label,t
2235204,other,,en_US,,Achieved Commission,Achieved Commission,,translated,,en_US_home_achieved_commission_label,t
2235205,other,,en_US,,Submit,Submit,,translated,,en_US_registration_submit_button,t
2235206,other,,en_US,,"Your password has been reset
 successfully","Your password has been reset
 successfully",,translated,,en_US_alert_reset_successfully_title_label,t
2235207,other,,en_US,,Addons Added,Addons Added,,translated,,en_US_alert_addons_added_title_label,t
2235208,other,,en_US,,Addons Added Successfully,Addons Added Successfully,,translated,,en_US_alert_addons_added_successfully_title_label,t
2235209,other,,en_US,,Done,Done,,translated,,en_US_alert_done_button,t
2235210,other,,en_US,,Are You Sure ِAdd Addons,Are You Sure ِAdd Addons,,translated,,en_US_alert_are_you_sure_body_label,t
2235211,other,,en_US,,Yes,Yes,,translated,,en_US_alert_yes_button,t
2235212,other,,en_US,,Thank You,Thank You,,translated,,en_US_alert_thank_you_title_label,t
2235213,other,,en_US,,"You Have Successfully Complete
 Your Payment","You Have Successfully Complete
 Your Payment",,translated,,en_US_alert_successfully_payment_body_label,t
2235214,other,,en_US,,Try Again,Try Again,,translated,,en_US_signature_try_again_button,t
2235215,other,,en_US,,Signature,Signature,,translated,,en_US_signature_ signature_title_label,t
2235216,other,,en_US,,Take A Photo,Take A Photo,,translated,,en_US_aert_take_a_photo_button,t
2235217,other,,en_US,,Choose From Library,Choose From Library,,translated,,en_US_alert_choose_from_library_button,t
2235218,other,,en_US,,Cancel,Cancel,,translated,,en_US_alert_cancel_button,t
2235219,other,,en_US,,Will Receive A Confirmation Email,Will Receive A Confirmation Email,,translated,,en_US_alert_will_receive_a_confirmation_email_body_label,t
2235220,other,,en_US,,Ordering,Ordering,,translated,,en_US_sheet_ordering_button,t
2235221,other,,en_US,,Bill Payment,Bill Payment,,translated,,en_US_sheet_bill_payment_button,t
2235222,other,,en_US,,Commission Reports,Commission Reports,,translated,,en_US_sheet_commission_reports_button,t
2235223,other,,en_US,,Manage Subscription,Manage Subscription,,translated,,en_US_sheet_manage_subscription_button,t
2235224,other,,en_US,,Settings,Settings,,translated,,en_US_sheet_settings_button,t
2235225,other,,en_US,,Logout,Logout,,translated,,en_US_sheet_logout_button,t
2235226,other,,en_US,,Settings,Settings,,translated,,en_US_settings_settings_title_label,t
2235227,other,,en_US,,Language,Language,,translated,,en_US_settings_language_picker,t
2235228,other,,en_US,,Allow Touch ID,Allow Touch ID,,translated,,en_US_settings_allow_touch_id_switch,t
2235229,other,,en_US,,Allow Face ID,Allow Face ID,,translated,,en_US_settings_allow_face_id_switch,t
2235230,other,,en_US,,Version,Version,,translated,,en_US_settings_version_label,t
2235231,other,,en_US,,Build Number,Build Number,,translated,,en_US_settings_build number_label,t
2235232,other,,en_US,,"Are You Sure You Want
 To Quit ?","Are You Sure You Want
 To Quit ?",,translated,,en_US_alert_quit_title_label,t
2235233,other,,en_US,,Customer Subscriptions,Customer Subscriptions,,translated,,en_US_customer_subscriptions_title_label,t
2235234,other,,en_US,,Plan,Plan,,translated,,en_US_customer_subscriptions_plan_label,t
2235235,other,,en_US,,Addons,Addons,,translated,,en_US_customer_subscriptions_addons_label,t
2235236,other,,en_US,,Discover Addons,Discover Addons,,translated,,en_US_customer_discover_addons_button,t
2235237,other,,en_US,,Select Addons,Select Addons,,translated,,en_US_select_addons_title_label,t
2235238,other,,en_US,,"Choose Addons For Your Fibernet
 Plan","Choose Addons For Your Fibernet
 Plan",,translated,,en_US_select_addons_choose_addons_label,t
2235239,other,,en_US,,Add,Add,,translated,,en_US_select_addons_add_button,t
2235240,other,,en_US,,Next,Next,,translated,,en_US_select_addons_next_button,t
2235241,other,,en_US,,Plan Upgrade,Plan Upgrade,,translated,,en_US_alert_plan_upgrade_title_label,t
2235242,other,,en_US,,Are You Sure Upgrade This Plan,Are You Sure Upgrade This Plan,,translated,,en_US_alert_are_you_sure_upgrade_this_plan_title_label,t
2235243,other,,en_US,,Plan Upgraded,Plan Upgraded,,translated,,en_US_alert_plan_upgraded_title_label,t
2235244,other,,en_US,,Plan Upgraded Successfully,Plan Upgraded Successfully,,translated,,en_US_alert_plan_upgraded_successfully_body_label,t
2235245,other,,en_US,,ID Scanning,ID Scanning,,translated,,en_US_id_scanning_title_label,t
2235246,other,,en_US,,Skip,Skip,,translated,,en_US_id_scanning_skip_button,t
2235247,other,,en_US,,Scan ID,Scan ID,,translated,,en_US_id_scanning_scan_id_button,t
2235248,other,,en_US,,Search Subscription,Search Subscription,,translated,,en_US_search_subscription_title_label,t
2235249,other,,en_US,,"Please enter customer ID
 or You can scan it","Please enter customer ID
 or You can scan it",,translated,,en_US_search_subscription_please_enter_customer_id_label,t
2235250,other,,en_US,,ID Type,ID Type,,translated,,en_US_search_subscription_id_type_picker,t
2235251,other,,en_US,,ID Number,ID Number,,translated,,en_US_search_subscription_id_number_text_field,t
2235252,other,,en_US,,Search,Search,,translated,,en_US_search_subscription_search_button,t
2235253,other,,en_US,,ID Scan,ID Scan,,translated,,en_US_search_subscription_id_scan_button,t
2235254,other,,en_US,,Customer Details,Customer Details,,translated,,en_US_customer_details_title_label,t
2235255,other,,en_US,,Enter Customer Details,Enter Customer Details,,translated,,en_US_customer_details_enter_customer_details_label,t
2235256,other,,en_US,,ID Type,ID Type,,translated,,en_US_customer_details_id_type_picker,t
2235257,other,,en_US,,ID Number,ID Number,,translated,,en_US_customer_details_id_number_text_field,t
2235258,other,,en_US,,Expiry Date *,Expiry Date *,,translated,,en_US_customer_details_expiry_date_text_field,t
2235259,other,,en_US,,Personal Information,Personal Information,,translated,,en_US_customer_details_personal_information_label,t
2235260,other,,en_US,,Title *,Title *,,translated,,en_US_customer_details_title_picker,t
2235261,other,,en_US,,First Name *,First Name *,,translated,,en_US_customer_details_first_name_text_field,t
2235262,other,,en_US,,Middle Name,Middle Name,,translated,,en_US_customer_details_middle_name_text_field,t
2235263,other,,en_US,,Last Name *,Last Name *,,translated,,en_US_customer_details_last_name_text_field,t
2235264,other,,en_US,,Gender *,Gender *,,translated,,en_US_customer_details_gender_picker,t
2235265,other,,en_US,,Nationality *,Nationality *,,translated,,en_US_customer_details_text_field,t
2235266,other,,en_US,,Date Of Birth *,Date Of Birth *,,translated,,en_US_customer_details_date_of_birth_picker,t
2235267,other,,en_US,,Email Address *,Email Address *,,translated,,en_US_customer_details_email_address_text_field,t
2235268,other,,en_US,,Mobile Number *,Mobile Number *,,translated,,en_US_customer_details_mobile_number_text_field,t
2235269,other,,en_US,,Verify Number,Verify Number,,translated,,en_US_customer_details_verify_number_button,t
2235270,other,,en_US,,Alternative Mobile Number *,Alternative Mobile Number *,,translated,,en_US_customer_details_alternative_mobile_number_text_field,t
2235271,other,,en_US,,Upload ID Document *,Upload ID Document *,,translated,,en_US_customer_details_upload_id_document_label,t
2235272,other,,en_US,,Front Side,Front Side,,translated,,en_US_customer_details_front_side_label,t
2235273,other,,en_US,,Back Side,Back Side,,translated,,en_US_customer_details_back_side_label,t
2235274,other,,en_US,,Privacy Policy,Privacy Policy,,translated,,en_US_customer_details_privacy_policy_label,t
2235275,other,,en_US,,Next,Next,,translated,,en_US_customer_details_next_button,t
2235276,other,,en_US,,Select Plan,Select Plan,,translated,,en_US_select_plan_title_label,t
2235277,other,,en_US,,"Select The Fibrenet Home Plan
 You Want To Install","Select The Fibrenet Home Plan
 You Want To Install",,translated,,en_US_select_plan_select_fibrenet_home_plane,t
2235278,other,,en_US,,Service order location,Service order location,,translated,,en_US_map_service_order_location_label,t
2235279,other,,en_US,,"Select your location. if service
 is not available, drop a pin to
 pre-order","Select your location. if service
 is not available, drop a pin to
 pre-order",,translated,,en_US_map_select_your_location_label,t
2235280,other,,en_US,,Search For Location,Search For Location,,translated,,en_US_map_search_for_loacation_text_field,t
2235281,other,,en_US,,Full Address,Full Address,,translated,,en_US_full_address_title_label,t
2235282,other,,en_US,,Please Type The Exact Address,Please Type The Exact Address,,translated,,en_US_full_address_please_type_the_exact_address_label,t
2235283,other,,en_US,,Governorate *,Governorate *,,translated,,en_US_full_address_governorate_picker,t
2235284,other,,en_US,,Wilayat *,Wilayat *,,translated,,en_US_full_address_wilayat_picker,t
2235285,other,,en_US,,Area *,Area *,,translated,,en_US_full_address_area_text_field,t
2235286,other,,en_US,,Street Name/Way Number,Street Name/Way Number,,translated,,en_US_full_address_street_name_way_number_text_field,t
2235287,other,,en_US,,House Number,House Number,,translated,,en_US_full_address_house_number_text_field,t
2235288,other,,en_US,,P.O.Box,P.O.Box,,translated,,en_US_full_address_box_text_field,t
2235289,other,,en_US,,Postal Code,Postal Code,,translated,,en_US_full_address_postal_code_text_field,t
2235290,other,,en_US,,Next,Next,,translated,,en_US_full_address_next_button,t
2235291,other,,en_US,,Summary,Summary,,translated,,en_US_summary_title_label,t
2235292,other,,en_US,,Service Plan,Service Plan,,translated,,en_US_summary_service_plan_label,t
2235293,other,,en_US,,"Monthly Subscription
 Total","Monthly Subscription
 Total",,translated,,en_US_summary_monthly_subscription_total_label,t
2235294,other,,en_US,,Fibrenet Basic:,Fibrenet Basic:,,translated,,en_US_summary_fibrenet_basic_label,t
2235295,other,,en_US,,VAT,VAT,,translated,,en_US_summary_vat_label,t
2235296,other,,en_US,,Add-ons,Add-ons,,translated,,en_US_summary_add_ons_label,t
2235297,other,,en_US,,JAWWY TV DEVICE,JAWWY TV DEVICE,,translated,,en_US_summary_jawwy_tv_device_label,t
2235298,other,,en_US,,One Time Charges,One Time Charges,,translated,,en_US_summary_one_time_charges_label,t
2235299,other,,en_US,,Delivery,Delivery,,translated,,en_US_summary_delivery_label,t
2236287,other,,en_US,,Re-print  Voucher,Re-print  Voucher,,translated,,en_US_reprint_voucher_widget_label,t
2236288,other,,en_US,,General Request,General Request,,translated,,en_US_general_request_label,t
2236289,other,,en_US,,Select Process,Select Process,,translated,,en_US_select_process_label,t
2236290,other,,en_US,,Process,Process,,translated,,en_US_process_label,t
2236291,other,,en_US,,Please select process,Please select process,,translated,,en_US_select_process_error_label,t
2236292,other,,en_US,,Write a description,Write a description,,translated,,en_US_write_a_description_label,t
2236293,other,,en_US,,Please enter a valid ICCID,Please enter a valid ICCID,,translated,,en_US_enter_iccid_error_label,t
2236294,other,,en_US,,Please enter description,Please enter description,,translated,,en_US_enter_description_error_label,t
2236295,other,,en_US,,Powered By,Powered By,,translated,,en_US_powered_by_label,t
2236296,other,,en_US,,Pre to Post,Pre to Post,,translated,,en_US_pre_to_post_activation_label,t
2236297,other,,en_US,,Pre to Post Resubmit,Pre to Post Resubmit,,translated,,en_US_pre_to_post_resubmit_label,t
2236298,other,,en_US,,Additional contact number is not valid,Additional contact number is not valid,,translated,,en_US_message_additional_mobile_number_validated,t
2236299,other,,en_US,,Additional contact number,Additional contact number,,translated,,en_US_additional_contact_number_text_field,t
2236300,other,,en_US,,"Appointment Date , Time","Appointment Date , Time",,translated,,en_US_appointment_date_time_text_field,t
2236301,other,,en_US,,Location Details,Location Details,,translated,,en_US_location_details_label,t
2236302,other,,en_US,,Customers Visit Management,Customers Visit Management,,translated,,en_US_customers_visit_management_label,t
2236303,other,,en_US,,Survey Results,Survey Results,,translated,,en_US_survey_results_label,t
2236304,other,,en_US,,press the button below to Add Survey Result,press the button below to Add Survey Result,,translated,,en_US_add_survey_result_label,t
2236305,other,,en_US,,Start New Survey,Start New Survey,,translated,,en_US_start_new_survey_label,t
2236306,other,,en_US,,See All Results,See All Results,,translated,,en_US_see_all_results_label,t
2236307,other,,en_US,,Visit number,Visit number,,translated,,en_US_visit_number_label,t
2236308,other,,en_US,,Force Location,Force Location,,translated,,en_US_force_location_label,t
2236309,other,,en_US,,Visit Planning (Optional),Visit Planning (Optional),,translated,,en_US_visit_planning_optional_label,t
2236310,other,,en_US,,Location Details (Optional),Location Details (Optional),,translated,,en_US_location_optional_details_label,t
2236311,other,,en_US,,Save as Draft,Save as Draft,,translated,,en_US_save_as_draft_label,t
2236312,other,,en_US,,Customer Name,Customer Name,,translated,,en_US_customer_name_label,t
2236313,other,,en_US,,Building number,Building number,,translated,,en_US_building_number_label,t
2236314,other,,en_US,,Captured Media,Captured Media,,translated,,en_US_captured_medial_label,t
2236315,other,,en_US,,Result ID,Result ID,,translated,,en_US_result_id_label,t
2236316,other,,en_US,,(Optional),(Optional),,translated,,en_US_optional_label,t
2236317,other,,en_US,,Coverage Radius,Coverage Radius,,translated,,en_US_coverage_radius_label,t
2236318,other,,en_US,,Street,Street,,translated,,en_US_street_label,t
2236319,other,,en_US,,All Survey Results,All Survey Results,,translated,,en_US_all_survey_results_label,t
2236320,other,,en_US,,Survey Result,Survey Result,,translated,,en_US_survey_result_label,t
2236321,other,,en_US,,Check In,Check In,,translated,,en_US_check_in_label,t
2236322,other,,en_US,,Proceed to Order,Proceed to Order,,translated,,en_US_proceed_to_order_label,t
2236323,other,,en_US,,Trouble Ticket,Trouble Ticket,,translated,,en_US_trouble_ticket_label,t
2236324,other,,en_US,,Select channel member,Select channel member,,translated,,en_US_alert_channel_member_text_field,t
2236325,other,,en_US,,Please enter a search term,Please enter a search term,,translated,,en_US_alert_empty_search_field,t
2236326,other,,en_US,,Please enter a valid amount,Please enter a valid amount,,translated,,en_US_pay_amount_error_label,t
2236327,other,,en_US,,Please enter serial number,Please enter serial number,,translated,,en_US_serial_number_error_message,t
2236328,other,,en_US,,Voucher Code is required,Voucher Code is required,,translated,,en_US_alert_empty_voucher_code,t
2236329,other,,en_US,,Choose wallet type,Choose wallet type,,translated,,en_US_alert_select_wallet_error,t
2236330,other,,en_US,,Select channel type,Select channel type,,translated,,en_US_alert_select_channel_error,t
2236331,other,,en_US,,Select channel member,Select channel member,,translated,,en_US_select_channel_member_label,t
2236332,other,,en_US,,Please enter your number,Please enter your number,,translated,,en_US_alert_empty_mobile_number_label,t
2236333,other,,en_US,,ID number is required,ID number is required,,translated,,en_US_alert_id_number_is_required,t
2236334,other,,en_US,,ID type is required,ID type is required,,translated,,en_US_alert_id_type_is_required,t
2236335,other,,en_US,,MSISDN is required,MSISDN is required,,translated,,en_US_alert_msisdn_is_required,t
2236336,other,,en_US,,Please fill address details,Please fill address details,,translated,,en_US_please_fill_address,t
2236337,other,,en_US,,Please fill contact details,Please fill contact details,,translated,,en_US_please_fill_contact,t
2236338,other,,en_US,,Please enter city,Please enter city,,translated,,en_US_alert_please_enter_city,t
2236339,other,,en_US,,Please enter po box,Please enter po box,,translated,,en_US_alert_please_enter_po_box,t
2236340,other,,en_US,,Please enter pc code,Please enter pc code,,translated,,en_US_alert_please_enter_pc_code,t
2236341,other,,en_US,,Please enter way number,Please enter way number,,translated,,en_US_alert_please_enter_way_number,t
2236342,other,,en_US,,Please enter home number,Please enter home number,,translated,,en_US_alert_please_enter_home_number,t
2236343,other,,en_US,,Please enter land mark,Please enter land mark,,translated,,en_US_alert_please_enter_land_mark,t
2236344,other,,en_US,,Please enter contact number,Please enter contact number,,translated,,en_US_alert_please_enter_contact_number,t
2236345,other,,en_US,,Please enter governorate,Please enter governorate,,translated,,en_US_alert_please_enter_governorate,t
2236346,other,,en_US,,Visit name is required,Visit name is required,,translated,,en_US_alert_visit_name_is_required,t
2236347,other,,en_US,,Channel member is required,Channel member is required,,translated,,en_US_alert_channel_member_is_required,t
2236348,other,,en_US,,Assigned to is required,Assigned to is required,,translated,,en_US_alert_assigned_to_is_required,t
2236349,other,,en_US,,Date from is required,Date from is required,,translated,,en_US_alert_date_from_is_required,t
2236350,other,,en_US,,Date to is required,Date to is required,,translated,,en_US_alert_date_to_is_required,t
2236351,other,,en_US,,Area manager is required,Area manager is required,,translated,,en_US_alert_area_manager_is_required,t
2236352,other,,en_US,,DSM is required,DSM is required,,translated,,en_US_alert_dsm_is_required,t
2236353,other,,en_US,,Dealer is required,Dealer is required,,translated,,en_US_alert_dealer_is_required,t
2236354,other,,en_US,,Please enter region,Please enter region,,translated,,en_US_alert_please_enter_region,t
2236355,other,,en_US,,Please enter walleye,Please enter walleye,,translated,,en_US_alert_please_enter_walleye,t
2236356,other,,en_US,,Location is required,Location is required,,translated,,en_US_alert_location_is_required,t
2236357,other,,en_US,,Please enter area,Please enter area,,translated,,en_US_alert_please_enter_area,t
2236358,other,,en_US,,Please enter wilayat,Please enter wilayat,,translated,,en_US_alert_please_enter_wilayat,t
2236359,other,,en_US,,Please enter locality,Please enter locality,,translated,,en_US_alert_please_enter_locality,t
2236360,other,,en_US,,Customer Name is required,Customer Name is required,,translated,,en_US_alert_customer_name_required,t
2236361,other,,en_US,,This field is required,This field is required,,translated,,en_US_alert_field_is_required,t
2236362,other,,en_US,,Start range is required,Start range is required,,translated,,en_US_alert_start_range_required,t
2236363,other,,en_US,,End range is required,End range is required,,translated,,en_US_alert_end_range_required,t
2236364,other,,en_US,,Please enter serial number,Please enter serial number,,translated,,en_US_alert_enter_serial_number,t
2236365,other,,en_US,,Reason is required,Reason is required,,translated,,en_US_alert_reason_required,t
2236366,other,,en_US,,Add-ons price,Add-ons price,,translated,,en_US_add_ones_price_label,t
2236367,other,,en_US,,New total price,New total price,,translated,,en_US_new_total_price_label,t
2236368,other,,en_US,,Add social booster,Add social booster,,translated,,en_US_add_social_booster_label,t
2236369,other,,en_US,,Check-in,Check-in,,translated,,en_US_shifts_check_in_label,t
2236370,other,,en_US,,Check-out,Check-out,,translated,,en_US_check_out_label,t
2236371,other,,en_US,,Current,Current,,translated,,en_US_current_label,t
2236372,other,,en_US,,Calender,Calender,,translated,,en_US_calender_label,t
2236373,other,,en_US,,Upcoming,Upcoming,,translated,,en_US_upcoming_label,t
2236374,other,,en_US,,Shifts for selected dates,Shifts for selected dates,,translated,,en_US_shifts_for_selected_dates_label,t
2236375,other,,en_US,,Showing shifts from,Showing shifts from,,translated,,en_US_showing_shifts_from_label,t
2236376,other,,en_US,,Select year,Select year,,translated,,en_US_select_year_label,t
2236377,other,,en_US,,Filter by Date,Filter by Date,,translated,,en_US_filter_by_date_label,t
2236378,other,,en_US,,You're checking in early,You're checking in early,,translated,,en_US_early_check_in_reason,t
2236379,other,,en_US,,You're checking in late,You're checking in late,,translated,,en_US_late_check_in_reason,t
2236380,other,,en_US,,You're checking out early,You're checking out early,,translated,,en_US_early_check_out_reason,t
2236381,other,,en_US,,You're checking out late,You're checking out late,,translated,,en_US_late_check_out_reason,t
2236382,other,,en_US,,You're starting your shift before the scheduled time. Please tell us why.,You're starting your shift before the scheduled time. Please tell us why.,,translated,,en_US_early_check_in_reason_desc,t
2236383,other,,en_US,,You’ve missed your scheduled start time. Let us know what caused the delay.,You’ve missed your scheduled start time. Let us know what caused the delay.,,translated,,en_US_late_check_in_reason_desc,t
2236384,other,,en_US,,You're ending your shift before the scheduled time. Please tell us why.,You're ending your shift before the scheduled time. Please tell us why.,,translated,,en_US_early_check_out_reason_desc,t
2236385,other,,en_US,,You're ending your shift after the scheduled time. Please tell us why.,You're ending your shift after the scheduled time. Please tell us why.,,translated,,en_US_late_check_out_reason_desc,t
2236386,other,,en_US,,Add a short reason,Add a short reason,,translated,,en_US_reason_short_answer_label,t
2236387,other,,en_US,,No Upcoming Shifts,No Upcoming Shifts,,translated,,en_US_no_upcoming_shifts_label,t
2236388,other,,en_US,,No shifts scheduled,No shifts scheduled,,translated,,en_US_no_shifts_scheduled_label,t
2236389,other,,en_US,,You don't have any scheduled shifts for now.,You don't have any scheduled shifts for now.,,translated,,en_US_no_upcoming_shifts_message,t
2236390,other,,en_US,,There are no shifts assigned during this period,There are no shifts assigned during this period,,translated,,en_US_no_shifts_scheduled_message,t
2236391,other,,en_US,,History,History,,translated,,en_US_history_label,t
2236392,other,,en_US,,My Shifts,My Shifts,,translated,,en_US_my_shifts_label,t
2236393,other,,en_US,,New schedules will appear here.,New schedules will appear here.,,translated,,en_US_new_schedules_will_appear_here_label,t
2236394,other,,en_US,,Password,Password,,translated,,en_US_login_password_text_field,t
2236395,other,,ar_001,,Password,كلمة المرور,,translated,,ar_001_login_password_text_field,t
2236144,other,,en_US,,press to stop recording,press to stop recording,,translated,,en_US_press_to_stop_recording_label,t
2236145,other,,en_US,,Click below to select the recipient for your message.,Click below to select the recipient for your message.,,translated,,en_US_click_below_to_select_recipient_for_message,t
2236146,other,,en_US,,Add recipient,Add recipient,,translated,,en_US_add_recipient_label,t
2236147,other,,en_US,,Send,Send,,translated,,en_US_send_button_title,t
2236148,other,,en_US,,Received,Received,,translated,,en_US_received_title_label,t
2236149,other,,en_US,,File,File,,translated,,en_US_file_label,t
2236150,other,,en_US,,Voice,Voice,,translated,,en_US_voice_label,t
2236151,other,,en_US,,Are you sure to submit survey before end time?,Are you sure to submit survey before end time?,,translated,,en_US_alert_survey_timer_label,t
2236152,other,,en_US,,KPIs,KPIs,,translated,,en_US_kpis_label,t
2236153,other,,en_US,,performance at glance(Last 10 days),performance at glance(Last 10 days),,translated,,en_US_performance_glance_last_days_label,t
2236154,other,,en_US,,Cancel Visit,Cancel Visit,,translated,,en_US_cancel_visit_label,t
2236155,other,,en_US,,Select Area,Select Area,,translated,,en_US_select_area_label,t
2236156,other,,en_US,,Select Region,Select Region,,translated,,en_US_select_region_label,t
2236157,other,,en_US,,Select Wilaya,Select Wilaya,,translated,,en_US_select_wilaya_label,t
2236158,other,,en_US,,Select Location,Select Location,,translated,,en_US_select_location_label,t
2236159,other,,en_US,,"To populate the result date, please select the visit date first","To populate the result date, please select the visit date first",,translated,,en_US_visit_result_date_warning,t
2236160,other,,en_US,,Please selecte at least one item,Please selecte at least one item,,translated,,en_US_please_selecte_at_least_one_item_label,t
2236161,other,,en_US,,Please fill the title,Please fill the title,,translated,,en_US_alert_please_fill_title,t
2236162,other,,en_US,,No data found,No data found,,translated,,en_US_no_data_found_label,t
2236163,other,,en_US,,Area manager ,Area manager ,,translated,,en_US_area_manager_label,t
2236164,other,,en_US,,Choose Dealer,Choose Dealer,,translated,,en_US_choose_dealer_label,t
2236165,other,,en_US,,Choose Area manager,Choose Area manager,,translated,,en_US_choose_area_manager,t
2236166,other,,en_US,,Choose DSM,Choose DSM,,translated,,en_US_choose_dsm_label,t
2236167,other,,en_US,,Enter your answer,Enter your answer,,translated,,en_US_enter_your_answer_label,t
2236168,other,,en_US,,Enter your message here,Enter your message here,,translated,,en_US_enter_your_message_here_label,t
2236169,other,,en_US,,Send,Send,,translated,,en_US_send_label,t
2236170,other,,en_US,,"Invalid QR code or the QR code is expired, kindly refresh the page to get the new QR code.","Invalid QR code or the QR code is expired, kindly refresh the page to get the new QR code.",,translated,,en_US_validation_qr_code_message,t
2236171,other,,en_US,,"Audio is still recording, please stop recording before message submit","Audio is still recording, please stop recording before message submit",,translated,,en_US_audio_still_recording_warning,t
2236172,other,,en_US,,Cancel results,Cancel results,,translated,,en_US_cancel_result_hint_label,t
2236173,other,,en_US,,HBB fulfilment,HBB fulfilment,,translated,,en_US_hbb_fulfilment_label,t
2236174,other,,en_US,,Subscription Information,Subscription Information,,translated,,en_US_subscription_info_label,t
2236175,other,,en_US,,There is no assigned visit,There is no assigned visit,,translated,,en_US_there_is_no_assigned_visit_label,t
2236176,other,,en_US,,Read more,Read more,,translated,,en_US_read_more_key_label,t
2236177,other,,en_US,,Read less,Read less,,translated,,en_US_read_less_key_label,t
2236178,other,,en_US,,Attachments,Attachments,,translated,,en_US_attachments_title_label,t
2236179,other,,en_US,,Press the button below to select the recipient for your message.,Press the button below to select the recipient for your message.,,translated,,en_US_press_below_to_select_recipient_for_message,t
2236180,other,,en_US,,Wilayah,Wilayah,,translated,,en_US_Wilayah_label,t
2236181,other,,en_US,,Capture image as evidence,Capture image as evidence,,translated,,en_US_capture_image_as_evidence_label,t
2236182,other,,en_US,,FDN,FDN,,translated,,en_US_fdn_label,t
2236183,other,,en_US,,Print Voucher,Print Voucher,,translated,,en_US_print_voucher_label,t
2236184,other,,en_US,,Send by SMS,Send by SMS,,translated,,en_US_send_by_sms_label,t
2236185,other,,en_US,,years,years,,translated,,en_US_years_label,t
2236186,other,,en_US,,Age is not allowed. The minimum age requirement is,Age is not allowed. The minimum age requirement is,,translated,,en_US_age_is_not_allowed_label,t
2236187,other,,en_US,,Last visit date,Last visit date,,translated,,en_US_last_visit_date_label,t
2236188,other,,en_US,,Last visited by,Last visited by,,translated,,en_US_last_visited_by_label,t
2236189,other,,en_US,,Balance OMR,Balance OMR,,translated,,en_US_balance_omr_label,t
2236190,other,,en_US,,Your Wallet Accounts,Your Wallet Accounts,,translated,,en_US_your_wallet_accounts_label,t
2236191,other,,en_US,,B2B Activities,B2B Activities,,translated,,en_US_b2b_activities_label,t
2236192,other,,en_US,,CRN Documents,CRN Documents,,translated,,en_US_crn_documents_label,t
2236193,other,,en_US,,CRN number,CRN number,,translated,,en_US_crn_number_label,t
2236194,other,,en_US,,CRN expiry date,CRN expiry date,,translated,,en_US_crn_expiry_data_label,t
2236195,other,,en_US,,Company name,Company name,,translated,,en_US_company_name_label,t
2236196,other,,en_US,,Company name AR,Company name AR,,translated,,en_US_company_name_ar_label,t
2236197,other,,en_US,,Corporate size,Corporate size,,translated,,en_US_corporate_size_label,t
2236198,other,,en_US,,Establish date,Establish date,,translated,,en_US_establish_date_label,t
2236199,other,,en_US,,Corporate segment,Corporate segment,,translated,,en_US_corporate_segment_label,t
2236200,other,,en_US,,Corporate class,Corporate class,,translated,,en_US_corporate_class_label,t
2236201,other,,en_US,,press the button below to add MSISDN,press the button below to add MSISDN,,translated,,en_US_press_to_add_msisdn_label,t
2236202,other,,en_US,,Update CRN,Update CRN,,translated,,en_US_update_crn_label,t
2236203,other,,en_US,,Add MSISDN,Add MSISDN,,translated,,en_US_add_msisdn_label,t
2236204,other,,en_US,,Enter CRN expiry date,Enter CRN expiry date,,translated,,en_US_enter_crn_expiry_date_label,t
2236205,other,,en_US,,Common plan,Common plan,,translated,,en_US_common_plan_label,t
2236206,other,,en_US,,Different plan,Different plan,,translated,,en_US_different_plan_label,t
2236207,other,,en_US,,Please Fill All fields,Please Fill All fields,,translated,,en_US_please_fill_all_fields_label,t
2236208,other,,en_US,,Corporate information,Corporate information,,translated,,en_US_corporate_information_label,t
2236209,other,,en_US,,CRN registration,CRN registration,,translated,,en_US_crn_registration_label,t
2236210,other,,en_US,,B2B Prepaid Activation,B2B Prepaid Activation,,translated,,en_US_b2b_prepaid_activation_label,t
2236211,other,,en_US,,B2B Postpaid Activation,B2B Postpaid Activation,,translated,,en_US_b2b_postpaid_activation_label,t
2236212,other,,en_US,,Credit transfer,Credit transfer,,translated,,en_US_credit_transfer_label,t
2236213,other,,en_US,,Choose Wallet,Choose Wallet,,translated,,en_US_choose_wallet_label,t
2236214,other,,en_US,,Choose Channel member type,Choose Channel member type,,translated,,en_US_choose_channel_member_type_label,t
2236215,other,,en_US,,Amount per Channel member,Amount per Channel member,,translated,,en_US_amount_per_channel_member_label,t
2236216,other,,en_US,,One amount,One amount,,translated,,en_US_one_amount_label,t
2236217,other,,en_US,,Different amount,Different amount,,translated,,en_US_different_amount_label,t
2236218,other,,en_US,,Press the button below to select the recipient.,Press the button below to select the recipient.,,translated,,en_US_press_the_button_below_to_select_the_recipient,t
2236219,other,,en_US,,Please add Salary Range document,Please add Salary Range document,,translated,,en_US_alert_salary_range_document_label,t
2236220,other,,en_US,,Please select Salary Range,Please select Salary Range,,translated,,en_US_alert_salary_range_label,t
2236221,other,,en_US,,balance,balance,,translated,,en_US_balance_label,t
2236222,other,,en_US,,Please fill the amount for each channel member,Please fill the amount for each channel member,,translated,,en_US_enter_amount_for_each_channel_member_label,t
2236223,other,,en_US,,Please fill the amount,Please fill the amount,,translated,,en_US_fill_the_amount_label,t
2236224,other,,en_US,,Partial success,Partial success,,translated,,en_US_partial_success_label,t
2236225,other,,en_US,,channels have successfully reserved the transfer.,channels have successfully reserved the transfer.,,translated,,en_US_channels_have_successfully_reserved_transfer,t
2236226,other,,en_US,,Channel members did not receive,Channel members did not receive,,translated,,en_US_channel_members_did_not_receive,t
2236227,other,,en_US,,"You can search for a customer using their MSISDN, FDN, Nickname, Account Number, or Service ID.","You can search for a customer using their MSISDN, FDN, Nickname, Account Number, or Service ID.",,translated,,en_US_bill_payment_description,t
2236228,other,,en_US,,Bill Payment,Bill Payment,,translated,,en_US_bill_payment_title,t
2236229,other,,en_US,,Account Number,Account Number,,translated,,en_US_account_number_label,t
2236230,other,,en_US,,Pay Amount,Pay Amount,,translated,,en_US_pay_amount_hint_label,t
2236231,other,,en_US,,Pay Bill,Pay Bill,,translated,,en_US_pay_bill_lable,t
2236232,other,,en_US,,Unbilled Outstanding,Unbilled Outstanding,,translated,,en_US_unbilled_outstanding_label,t
2236233,other,,en_US,,Billed Outstanding,Billed Outstanding,,translated,,en_US_billed_outstanding_label,t
2236234,other,,en_US,,Overdue Outstanding,Overdue Outstanding,,translated,,en_US_overdue_outstanding_label,t
2236235,other,,en_US,,Event Source,Event Source,,translated,,en_US_event_source_text_field,t
2236236,other,,en_US,,Technology Type,Technology Type,,translated,,en_US_technology_type_label,t
